duration,protocol_type,service,flag,src_bytes,dst_bytes,land,wrong_fragment,urgent,hot,num_failed_logins,logged_in,count,srv_count,serror_rate,srv_serror_rate,rerror_rate,srv_rerror_rate,same_srv_rate,diff_srv_rate,dst_host_count,dst_host_srv_count,dst_host_same_srv_rate,dst_host_diff_srv_rate,dst_host_same_src_port_rate,dst_host_srv_diff_host_rate,label
51,2,2,1,60,20,82,86,74,74,87,99,23,2,21,52,1,87,29,37,1,63,59,20,32,75,0
57,0,4,0,90,58,41,91,59,79,14,61,61,46,61,50,54,63,2,50,6,20,72,38,17,3,0
88,1,1,1,89,52,1,83,91,59,70,43,7,46,34,77,80,35,49,3,1,5,53,3,53,92,1
62,0,4,0,33,73,61,99,13,94,47,14,71,77,86,61,39,84,79,81,52,23,25,88,59,40,1
28,2,3,2,88,70,8,87,0,7,87,62,10,80,7,34,34,32,4,40,27,6,72,71,11,33,1
32,0,2,2,87,36,98,43,85,90,34,64,98,46,77,2,0,4,89,13,26,8,78,14,89,41,0
76,1,4,1,51,95,3,93,22,14,42,28,35,12,31,70,58,85,27,65,41,44,61,56,5,27,0
27,1,2,1,61,74,91,88,61,96,0,26,61,76,2,69,71,26,8,61,36,96,50,43,23,78,1
58,0,3,0,51,61,57,51,11,38,1,2,55,80,58,1,1,91,53,86,95,96,0,18,1,52,0
43,1,0,0,31,67,54,74,55,16,37,23,68,97,69,85,10,15,96,72,58,69,79,92,2,19,0
58,1,0,2,66,18,19,95,70,51,32,39,38,81,0,10,91,56,88,49,22,30,93,41,98,6,1
15,0,0,1,0,47,11,68,36,31,8,98,18,47,79,2,19,23,53,32,23,74,71,35,37,83,0
98,1,2,0,92,17,81,65,53,34,79,60,40,99,32,67,32,13,20,47,19,7,6,66,16,32,1
47,0,4,2,21,29,37,50,53,7,26,26,97,20,29,96,27,63,96,68,60,47,18,3,34,63,0
48,0,2,2,29,92,45,5,98,36,23,92,45,52,94,98,59,96,62,84,31,86,32,66,17,24,0
94,1,1,0,45,23,31,46,85,22,65,26,1,89,16,32,8,42,47,38,92,41,25,98,49,24,0
23,0,4,1,56,35,44,19,64,7,15,13,75,86,14,91,97,65,31,86,62,85,50,24,57,62,0
61,1,3,2,85,48,51,41,69,14,53,59,96,7,52,59,4,67,5,95,93,46,98,54,39,51,0
15,1,0,0,16,62,18,91,57,54,89,89,61,22,8,11,0,57,0,33,95,47,88,0,15,60,1
63,1,4,2,92,66,75,25,15,50,85,56,28,77,91,68,46,93,61,68,75,15,89,89,47,84,1
38,2,4,1,22,9,68,99,33,51,94,9,18,57,95,0,68,3,15,23,79,1,91,31,90,83,0
23,1,0,0,32,32,60,50,42,11,66,64,32,39,73,42,43,28,12,11,94,45,1,34,86,80,0
89,0,3,1,73,89,33,6,67,57,74,28,35,88,20,35,9,72,23,63,98,48,98,35,81,95,1
23,0,2,1,36,11,54,12,22,88,98,29,16,61,83,88,85,12,58,18,48,99,11,60,18,75,1
8,0,2,2,94,51,82,15,68,98,11,24,51,84,99,52,22,15,56,38,52,41,57,38,13,94,0
4,2,4,1,74,17,75,8,73,57,16,6,45,12,39,41,8,49,26,65,4,28,36,37,82,7,1
64,2,0,2,88,44,3,35,69,30,18,60,53,38,90,73,89,18,38,66,44,12,91,57,19,91,1
71,0,1,0,2,76,91,61,62,24,55,32,37,5,57,43,44,31,44,60,46,20,79,84,74,35,1
98,0,3,0,17,46,48,13,14,30,0,53,2,15,86,56,74,11,73,95,15,71,75,23,27,7,0
91,2,2,2,57,59,49,27,91,40,99,63,26,62,16,72,32,83,76,91,28,12,45,34,5,81,1
68,0,3,2,9,55,29,4,32,64,17,95,48,10,84,25,62,88,85,58,26,48,76,32,97,98,1
0,1,3,2,91,80,68,94,4,2,52,22,52,36,73,73,82,16,84,77,72,0,50,44,76,3,1
61,1,3,1,91,94,71,38,25,33,53,2,49,11,64,53,4,93,93,56,16,46,22,78,84,13,1
65,0,0,0,63,97,37,49,97,81,29,78,90,50,62,97,51,37,96,87,78,29,50,80,4,28,0
3,1,0,0,73,16,83,87,68,33,5,52,65,76,42,74,22,54,79,94,74,15,7,3,3,55,1
24,0,0,1,26,92,31,49,60,50,18,20,4,81,91,41,60,21,20,69,0,4,11,89,45,33,1
48,2,4,2,26,72,25,46,85,55,93,62,47,60,80,25,35,0,7,98,51,78,46,55,85,13,1
89,0,0,0,87,1,25,13,58,55,6,2,22,17,37,98,14,63,88,27,73,38,56,16,85,89,0
43,2,4,1,83,24,67,9,66,17,99,85,33,7,39,82,41,40,5,51,25,63,97,58,55,58,0
69,1,2,2,20,69,69,3,93,74,61,61,93,94,23,54,8,2,30,39,35,23,94,5,65,83,0
91,1,2,0,5,93,50,61,56,65,78,74,7,25,50,44,43,4,69,25,67,18,83,96,19,11,1
46,1,2,2,63,37,36,10,99,76,2,32,5,49,9,4,22,9,43,1,12,39,1,83,64,62,1
72,0,2,1,14,23,37,34,93,94,48,68,61,59,49,77,74,8,33,75,98,34,0,39,63,21,1
59,2,2,0,10,13,59,29,34,84,36,4,82,77,25,61,3,88,41,88,17,39,71,38,13,31,0
50,2,0,2,62,14,96,24,16,96,65,77,52,50,38,50,69,5,66,6,50,71,41,63,14,28,1
32,1,1,2,28,37,56,96,26,54,32,67,85,65,9,4,73,96,37,12,30,46,99,87,51,55,1
14,1,0,2,28,46,67,75,44,1,26,94,35,35,25,42,26,68,19,10,73,37,5,71,22,46,0
89,2,1,1,12,61,81,88,96,59,42,75,99,67,4,36,71,91,30,8,50,28,77,39,40,85,1
10,0,0,2,20,89,35,53,86,56,0,62,53,54,39,14,20,46,72,52,8,73,51,56,25,40,1
34,1,2,0,74,37,1,6,81,90,33,90,16,42,58,50,53,23,24,70,51,69,87,32,48,28,0
62,0,3,0,84,48,70,80,83,48,19,85,91,62,60,48,70,0,95,12,93,86,50,55,82,61,0
31,1,1,2,44,92,29,15,39,18,17,0,77,46,65,91,93,37,50,62,3,0,7,28,54,2,0
31,1,3,1,33,96,86,54,91,31,49,6,92,7,64,56,66,87,86,58,71,53,66,50,96,91,0
7,0,2,0,87,77,31,45,15,67,36,53,84,13,94,54,47,81,6,73,6,32,22,84,18,18,0
35,0,1,0,1,0,46,68,19,10,1,66,86,11,19,4,36,37,93,8,97,52,43,98,85,23,1
80,0,3,0,86,95,80,80,13,8,39,65,24,72,21,3,25,57,28,97,86,36,74,69,17,84,0
41,0,0,2,33,16,36,24,75,86,85,84,26,56,30,5,90,39,97,11,52,70,9,44,16,25,1
84,2,2,0,63,1,53,64,50,52,35,25,28,20,10,39,10,35,58,38,98,53,97,54,23,21,1
68,2,0,2,19,82,98,80,61,97,72,25,65,72,72,39,16,0,88,60,42,41,24,38,34,2,0
43,1,0,2,11,18,43,58,48,60,16,73,56,54,46,11,61,79,87,82,7,94,20,80,86,79,0
69,1,2,2,88,11,14,58,25,25,46,31,9,15,70,16,22,25,84,85,6,13,78,6,8,47,1
71,1,1,2,81,94,93,38,98,17,58,16,13,30,23,98,59,44,97,2,36,42,39,89,54,86,1
38,2,4,2,85,24,12,81,32,15,41,65,54,98,41,33,29,12,12,17,31,95,98,38,45,28,1
61,0,4,0,15,55,9,29,24,83,4,64,93,48,2,44,13,29,67,17,61,36,24,47,64,52,0
78,1,2,2,87,67,11,58,36,60,42,69,38,55,62,45,87,10,61,76,97,24,70,51,3,58,1
71,2,4,2,53,73,97,56,89,40,2,5,4,4,53,46,86,48,8,98,19,60,34,49,81,61,0
16,1,3,2,98,12,88,72,67,13,97,10,55,66,91,28,8,66,24,97,75,41,8,78,39,24,1
4,2,1,2,87,78,37,71,4,47,89,17,69,36,59,47,76,27,68,76,80,39,44,95,61,92,1
57,0,0,2,97,39,90,76,32,5,87,18,79,39,91,96,58,58,47,40,12,44,88,52,41,99,1
62,2,0,2,6,4,44,57,30,22,41,9,31,52,29,38,30,81,99,1,77,76,92,11,38,65,0
95,0,2,0,16,94,97,59,63,87,34,69,82,29,70,73,95,97,62,27,59,78,93,36,92,21,0
67,1,0,2,67,90,63,16,11,21,16,9,64,21,89,81,49,13,63,46,28,75,35,98,51,75,1
6,0,3,2,5,78,31,50,74,57,86,25,97,45,97,28,3,80,98,12,38,14,28,28,74,31,1
1,2,3,0,21,74,26,66,80,55,91,92,20,46,79,58,83,5,18,56,68,2,0,57,37,14,1
33,1,2,0,24,23,11,17,14,79,26,71,59,45,88,16,92,52,7,78,26,45,49,70,2,92,0
63,1,0,1,59,2,19,45,14,24,93,77,70,16,83,99,8,37,47,59,62,85,1,87,71,10,0
63,2,4,0,20,17,93,63,81,94,37,31,10,44,88,32,40,7,10,85,50,87,40,16,75,45,0
31,0,4,0,85,91,19,32,73,39,31,96,1,96,32,76,29,32,76,25,21,65,37,89,45,14,0
97,2,1,2,60,66,5,8,5,72,94,31,40,75,7,71,49,91,61,83,61,6,74,83,79,3,0
5,0,2,1,2,40,59,13,74,81,11,86,11,12,24,44,18,54,99,44,7,92,52,54,31,50,1
43,0,1,2,82,21,36,95,55,58,2,27,73,34,60,92,53,62,78,96,6,75,48,93,84,30,1
57,1,4,1,36,3,91,19,59,23,49,48,50,95,35,97,99,65,78,33,35,5,38,41,57,11,1
2,0,4,2,14,96,98,25,7,99,93,86,41,43,13,77,1,36,68,37,40,61,59,13,88,83,0
1,1,4,0,27,65,34,4,64,39,75,55,35,44,22,46,30,10,9,66,13,79,73,92,9,75,1
93,2,1,0,7,42,75,0,56,63,83,27,36,46,75,36,48,43,55,27,78,5,60,19,77,1,0
72,2,2,1,28,0,34,69,58,68,32,50,77,11,19,52,87,42,97,88,49,28,56,38,94,55,0
42,1,3,2,37,83,22,44,51,79,49,7,84,0,7,28,95,4,85,46,33,64,54,89,42,73,1
29,1,3,2,7,46,75,90,71,88,45,67,32,0,18,30,79,13,52,47,68,89,61,91,65,63,1
69,0,4,0,40,88,47,12,72,76,30,74,67,97,3,18,69,97,81,12,22,82,74,0,87,53,0
70,1,2,0,64,75,70,14,20,18,59,92,88,32,48,95,34,43,89,10,98,71,77,73,65,45,0
8,2,2,1,71,47,65,69,27,92,25,24,11,4,97,47,36,78,43,99,14,42,47,86,69,45,1
42,1,0,0,46,14,24,35,74,50,14,67,20,12,85,18,33,77,67,51,26,28,27,34,7,15,0
35,1,0,1,48,76,3,89,88,93,74,6,94,73,38,12,30,70,62,55,41,60,41,55,35,83,0
67,1,1,1,43,44,46,12,21,20,85,91,8,25,8,14,9,87,41,71,23,79,48,25,90,36,0
67,0,0,1,99,59,38,73,88,17,18,35,73,96,54,68,46,48,98,97,32,20,80,21,47,36,1
14,1,1,1,31,10,9,72,77,76,56,24,1,63,34,6,84,17,66,41,38,40,74,23,59,45,0
18,0,3,0,31,38,35,96,35,2,72,7,96,69,40,67,12,48,59,1,59,4,43,26,31,20,0
7,0,4,1,43,57,2,85,69,1,86,43,1,80,34,97,86,29,7,21,43,57,35,68,76,92,0
30,1,2,0,61,29,54,15,11,16,15,11,7,83,2,15,29,22,91,4,83,64,29,20,83,69,0
21,0,3,1,32,15,75,37,97,13,35,96,22,65,84,1,90,72,64,74,66,51,61,22,25,67,0
81,1,3,0,21,42,14,85,59,11,48,41,37,81,44,34,29,87,29,77,5,66,79,6,51,13,0
72,2,1,1,65,90,1,34,81,77,19,81,9,24,65,24,53,32,35,94,13,64,79,53,51,2,0
98,2,4,0,12,97,7,20,97,67,24,78,67,44,59,11,31,95,91,12,30,77,19,17,92,59,1
62,0,1,2,42,1,59,22,82,30,4,82,33,9,88,1,10,49,30,55,78,72,86,82,8,98,1
20,2,3,1,6,79,15,96,3,3,39,16,51,92,51,35,37,49,62,62,61,98,6,26,91,85,1
13,1,2,1,54,1,61,90,20,78,20,9,86,57,38,4,64,12,84,89,84,52,81,44,31,35,0
80,0,0,2,62,20,51,54,25,67,33,51,81,98,92,51,28,37,41,20,41,12,63,16,8,40,1
0,1,1,2,28,96,9,57,59,20,27,74,33,7,58,85,71,48,78,16,59,86,87,44,82,68,1
31,0,3,1,7,76,71,86,42,0,50,23,98,23,16,4,19,20,57,30,99,10,51,14,82,6,0
27,0,0,0,4,93,95,7,63,9,37,95,91,80,94,7,24,72,65,78,49,66,48,35,67,77,1
40,0,0,1,20,35,11,90,1,12,52,31,94,15,31,31,97,10,9,14,16,39,17,54,72,24,0
58,0,3,0,29,83,84,43,31,50,45,20,98,31,93,38,11,46,17,20,12,20,7,45,6,22,0
95,2,4,2,88,21,91,28,12,81,1,28,84,78,51,26,49,94,78,22,87,43,76,21,42,36,0
60,2,3,0,62,18,22,28,29,38,24,7,57,15,71,0,4,2,64,3,98,95,63,97,88,9,1
20,2,2,1,65,40,12,8,35,85,89,57,53,11,80,77,13,33,52,19,74,15,94,69,55,82,0
57,0,0,2,9,23,98,25,36,84,53,20,73,37,45,3,59,56,44,19,16,70,3,92,13,2,1
87,2,2,2,3,23,33,29,81,18,30,59,59,18,48,62,82,21,23,75,29,57,30,99,63,18,0
47,0,1,1,54,54,96,17,62,91,46,74,56,44,32,16,69,3,19,46,90,14,69,46,77,74,0
8,2,0,1,60,9,49,2,76,93,69,80,50,18,41,34,45,25,68,92,63,36,83,48,20,73,1
63,0,4,2,89,3,38,34,0,23,56,99,69,40,53,45,59,59,56,30,83,23,88,35,84,29,0
23,2,3,0,6,34,54,91,13,9,79,15,53,94,88,76,69,43,72,44,99,55,83,81,56,20,1
67,2,1,0,6,69,14,81,31,74,19,87,14,47,70,20,41,25,13,56,36,57,20,81,68,2,0
86,2,2,0,48,18,88,84,11,60,40,32,49,67,70,85,32,80,23,60,60,97,27,57,42,40,0
38,0,1,1,97,69,69,97,64,73,84,4,1,21,56,65,73,97,15,50,38,85,75,87,39,37,0
59,0,4,2,63,62,48,63,31,6,20,19,25,67,85,14,84,78,85,91,13,26,39,57,27,25,0
62,2,3,0,71,43,96,41,98,5,38,51,22,88,49,42,18,68,50,10,11,73,7,23,91,40,0
35,0,1,2,8,46,14,47,81,41,59,83,69,11,1,6,79,2,2,26,39,32,91,0,7,31,0
47,1,2,0,18,31,8,11,10,45,15,0,62,20,29,12,33,3,27,94,58,26,68,24,2,96,0
67,2,1,2,25,4,98,60,91,92,8,49,5,82,59,43,10,65,46,72,84,87,97,85,2,75,0
91,2,3,1,27,89,61,32,84,34,51,33,40,50,46,81,57,74,56,22,47,21,16,68,10,93,1
14,1,1,1,83,15,33,65,98,39,27,46,38,69,72,19,0,71,86,62,66,3,57,24,46,37,1
14,0,2,1,56,52,45,13,99,75,16,38,8,98,76,78,81,96,5,90,22,58,90,97,45,37,1
13,0,3,0,34,18,29,77,83,24,39,87,13,25,86,21,47,82,50,2,41,18,72,27,83,44,0
70,0,4,1,18,46,13,37,52,60,35,39,80,29,8,63,32,51,88,13,74,52,98,58,77,93,1
40,2,4,1,7,1,85,40,54,15,92,61,47,29,11,34,10,63,49,84,20,68,47,19,66,43,1
32,2,0,1,67,34,80,97,87,95,64,7,44,86,46,39,75,53,75,45,46,14,18,25,51,92,0
21,2,1,2,19,28,50,3,54,70,91,27,3,21,75,44,66,85,65,87,33,90,54,0,71,86,1
37,2,2,2,81,16,60,11,5,89,26,7,82,64,56,92,98,39,13,34,47,83,55,48,12,60,0
48,2,1,2,42,19,96,89,38,84,48,63,61,53,8,87,36,48,40,16,87,20,50,58,38,54,1
40,0,3,2,10,18,10,76,45,44,0,39,18,75,71,71,60,11,60,32,44,89,91,68,7,24,1
90,1,0,2,46,86,48,46,83,81,17,65,67,93,32,35,81,18,27,39,83,96,75,14,40,38,1
1,0,2,2,65,50,74,76,9,13,81,50,72,38,27,2,83,69,26,1,92,37,2,15,93,39,1
1,0,1,2,34,64,54,44,78,89,84,61,48,94,24,22,23,37,27,20,53,17,35,98,44,72,1
52,2,2,1,31,66,66,27,43,78,40,62,22,74,47,31,56,99,32,23,38,33,55,27,36,6,0
67,1,3,1,64,46,19,18,28,73,59,17,91,34,42,94,90,10,48,37,63,68,7,33,47,55,1
75,1,0,0,49,68,29,87,58,66,74,44,3,25,26,45,63,90,50,49,5,58,14,29,41,36,0
41,0,2,1,67,17,72,28,76,58,46,16,95,21,67,68,36,48,12,33,85,52,86,50,2,41,1
97,1,3,2,45,20,43,10,67,0,91,62,23,98,12,97,10,99,50,16,98,81,85,23,18,36,0
84,0,4,2,16,35,18,63,90,97,10,53,44,46,11,20,10,91,4,80,55,19,40,45,11,69,1
16,0,2,0,51,95,69,54,99,74,32,61,87,22,14,26,74,63,80,50,52,77,90,81,91,50,1
46,0,0,1,47,72,71,44,80,80,96,95,71,18,62,37,66,58,68,12,46,60,30,79,95,21,1
92,0,2,1,53,9,41,63,20,79,75,65,40,23,34,55,29,56,93,46,34,18,7,25,70,29,1
6,2,2,0,24,36,0,14,36,12,7,4,59,72,0,35,34,65,62,22,8,33,45,77,3,29,1
94,1,3,2,2,13,59,76,44,95,33,44,60,82,15,65,39,16,33,15,59,65,65,89,12,55,0
30,2,1,2,7,86,77,54,26,92,52,38,64,16,29,52,12,20,18,52,18,56,24,85,30,80,1
54,2,1,2,73,9,99,71,53,51,19,31,13,49,27,52,23,78,21,29,62,3,76,58,86,7,1
81,2,2,2,33,81,97,74,75,48,78,56,94,92,25,17,95,85,37,80,86,87,49,7,40,5,0
68,0,0,0,27,10,64,18,8,26,33,43,67,99,81,14,50,12,82,48,69,55,75,50,36,16,1
57,0,0,1,32,59,90,88,54,9,46,22,84,20,12,32,23,10,16,67,46,24,93,72,20,83,1
82,2,3,2,41,16,47,27,40,98,46,17,77,98,70,12,81,12,99,30,1,15,8,72,37,74,1
53,2,2,1,99,86,44,33,8,87,7,6,35,17,2,27,69,43,20,27,53,53,64,99,20,98,1
12,1,2,1,9,52,43,46,52,73,45,12,36,23,1,85,80,99,13,9,34,24,2,16,11,53,1
23,2,1,2,99,59,89,64,83,27,15,46,80,91,57,75,26,52,41,58,46,93,33,36,5,6,0
95,0,3,2,54,57,6,56,11,15,79,42,99,76,6,99,50,72,31,74,7,96,86,88,71,44,1
85,2,4,2,28,28,97,97,27,76,78,86,43,89,3,89,8,4,55,95,83,49,74,14,31,27,0
21,1,0,1,70,56,25,24,9,44,82,10,76,52,71,67,94,27,74,64,48,46,51,87,53,59,1
56,1,0,0,25,4,83,51,74,53,32,49,37,26,97,14,95,60,20,45,68,5,37,61,85,61,1
81,2,2,2,12,94,93,2,93,5,92,7,43,32,80,74,76,49,10,94,27,69,40,15,67,98,0
47,1,3,1,89,61,75,10,88,17,18,86,54,81,25,5,3,28,58,97,16,42,79,65,33,7,1
12,1,4,1,99,93,64,42,38,80,58,83,87,85,92,85,43,8,36,73,35,91,27,41,42,84,1
87,0,0,2,71,47,90,21,26,92,66,12,44,9,99,8,53,26,33,0,31,88,92,70,66,83,0
19,1,3,0,90,89,77,16,17,44,92,83,52,90,81,67,64,0,57,25,19,86,9,58,74,40,1
4,1,4,2,97,40,92,67,68,10,55,50,20,98,75,25,18,59,70,46,70,25,39,4,20,77,1
3,2,2,2,92,7,40,18,45,27,90,67,14,98,36,0,66,23,26,39,62,60,35,97,92,23,0
23,0,1,0,56,48,86,52,22,68,94,52,61,40,56,59,53,69,56,9,39,6,37,84,60,83,0
2,1,0,2,67,91,75,37,35,40,68,12,86,57,49,29,61,24,26,50,77,56,46,99,38,15,1
21,2,0,2,71,15,58,30,41,73,31,58,33,8,80,10,95,9,85,16,67,47,51,24,20,64,1
62,2,4,0,80,87,65,14,95,38,69,0,22,38,56,80,33,40,92,72,12,69,5,83,51,2,1
80,2,1,1,46,54,63,64,80,66,89,14,99,31,95,67,17,82,42,34,77,57,32,13,33,60,0
3,2,3,1,82,5,96,48,39,82,64,68,26,79,5,12,63,61,98,18,75,79,42,73,88,19,0
94,2,2,1,1,21,56,71,6,77,55,66,15,82,50,81,79,71,96,11,52,74,4,26,11,16,1
5,2,3,1,27,77,68,58,32,61,49,18,85,68,65,93,46,38,67,32,12,83,53,6,78,86,1
13,1,4,1,92,19,28,23,81,62,73,56,7,89,61,28,73,16,65,5,57,68,27,61,40,68,1
81,0,0,2,48,90,48,75,70,2,9,97,88,34,79,1,23,73,37,21,25,42,54,38,90,28,0
19,0,0,0,19,18,83,98,65,29,52,33,21,66,5,78,26,9,72,96,95,47,69,58,99,58,0
1,2,3,1,82,25,88,9,52,78,58,21,50,47,20,21,99,97,29,24,27,64,44,67,6,48,0
8,2,2,0,9,35,72,45,31,31,5,47,37,16,73,26,53,49,34,84,24,27,14,3,92,72,1
26,0,4,1,16,42,40,41,49,83,39,38,22,95,51,46,62,96,68,42,47,33,39,74,60,49,1
66,1,2,2,74,15,81,93,47,9,81,37,18,35,58,62,76,45,2,73,64,90,7,50,80,72,1
5,2,4,1,27,96,53,36,8,81,55,58,84,1,60,57,59,39,35,36,78,91,17,97,62,21,0
10,0,2,1,3,85,6,60,53,87,67,91,78,0,54,2,77,37,0,37,84,28,4,73,91,20,1
70,0,3,0,82,34,67,68,0,67,11,59,26,55,22,24,20,60,62,51,87,24,54,45,31,54,0
95,2,1,0,57,38,79,96,84,60,8,5,34,38,21,40,4,41,86,80,75,86,79,66,29,56,1
85,0,4,2,86,12,31,45,22,44,16,84,65,5,17,93,21,32,29,80,31,41,77,9,35,33,0
72,1,3,0,38,46,18,14,27,23,71,8,46,32,61,96,18,66,73,39,46,64,28,49,97,12,1
0,0,0,0,76,47,48,63,60,28,38,87,25,16,70,12,68,25,48,66,6,57,48,52,64,61,1
16,2,0,0,78,28,31,25,15,24,53,27,72,55,64,92,85,79,40,50,70,77,28,82,18,65,0
40,2,2,2,10,52,45,29,56,17,50,47,65,95,7,21,5,75,56,35,78,91,56,48,44,81,1
65,0,0,2,19,63,92,92,66,82,2,53,77,63,39,58,54,61,3,59,74,94,95,90,29,1,0
61,0,1,2,30,97,60,78,47,24,35,7,72,57,44,61,38,95,57,80,98,82,63,43,28,58,1
70,2,4,0,5,28,57,16,15,86,94,2,20,63,89,35,85,61,41,75,41,60,12,10,53,15,1
7,1,2,0,58,1,93,93,75,9,43,10,78,79,80,89,1,49,11,89,22,17,61,95,61,37,1
66,0,4,2,60,0,93,44,95,27,20,12,26,99,6,21,73,52,78,78,3,95,22,69,87,83,0
83,1,4,0,7,0,36,62,21,69,20,95,34,78,4,59,45,49,47,5,88,55,58,28,70,76,1
17,1,3,0,96,53,37,47,26,19,11,42,60,30,90,95,60,73,66,90,34,94,14,15,12,34,0
74,2,0,1,74,29,47,34,85,37,30,77,23,48,95,99,31,54,78,57,98,2,79,68,84,9,1
82,2,4,2,28,18,42,65,73,60,42,24,19,47,82,86,23,10,97,54,27,68,62,58,4,50,1
20,2,1,2,41,83,37,24,13,74,31,10,60,17,26,54,53,81,86,74,20,43,4,86,40,58,0
88,1,1,0,82,64,63,70,3,64,14,75,21,85,46,80,92,45,13,49,19,49,32,58,42,78,1
11,2,0,0,37,2,27,55,89,93,12,76,65,36,48,65,35,53,25,74,71,39,42,21,19,7,1
28,2,0,1,80,83,54,15,45,61,6,79,44,58,55,47,26,52,86,87,72,34,50,83,36,80,0
94,1,2,2,94,93,19,52,11,48,16,63,41,93,28,18,10,97,49,70,57,33,19,49,87,9,0
31,1,2,2,2,36,39,71,39,55,22,10,63,7,92,93,55,59,9,38,27,48,35,12,95,35,1
25,1,2,0,81,63,37,87,86,21,1,30,10,91,45,95,61,68,63,9,39,23,98,43,59,61,0
86,1,0,2,94,56,54,52,55,97,8,21,12,88,47,17,75,39,16,14,14,78,62,38,12,80,0
31,0,4,0,89,90,84,81,76,79,72,62,75,43,37,82,59,70,98,47,17,15,54,38,67,58,1
88,2,3,1,80,5,82,76,59,89,13,94,53,3,38,71,24,76,31,58,62,37,91,52,93,66,0
27,0,2,0,21,95,37,71,71,61,56,5,77,31,98,9,2,58,75,48,58,30,92,68,61,51,0
88,1,3,1,83,21,3,12,44,41,48,19,76,80,53,35,96,0,14,76,16,23,57,71,90,22,1
45,1,1,0,89,58,12,38,27,88,60,15,1,81,16,29,12,95,92,93,81,12,42,84,93,20,0
54,1,0,1,14,72,51,73,94,52,86,51,29,32,56,51,8,53,0,43,98,74,97,79,8,31,0
14,1,1,1,56,7,71,26,61,11,64,41,61,10,42,94,16,96,31,92,84,84,39,22,55,5,1
85,1,2,2,53,71,48,98,10,87,48,20,65,62,82,27,16,5,18,55,27,65,37,36,67,85,1
89,2,4,0,57,12,51,57,31,80,99,59,82,57,98,55,27,0,41,81,47,39,96,62,75,71,0
87,0,2,2,26,8,15,55,75,30,87,13,24,33,66,23,72,25,19,63,9,82,66,23,4,66,1
57,0,3,2,34,75,52,43,25,46,33,86,94,49,83,11,86,3,86,47,54,0,88,65,29,2,0
20,2,2,0,85,84,61,96,37,14,51,78,45,24,20,87,4,69,46,86,67,90,17,20,91,98,0
85,2,4,2,39,9,88,51,71,74,60,63,4,52,54,36,55,58,92,68,72,58,1,64,59,50,0
29,2,4,2,38,89,76,71,62,63,60,53,91,93,72,94,57,84,55,33,30,51,88,75,0,54,0
21,0,0,2,62,53,41,20,78,80,21,37,98,79,7,61,46,16,16,89,12,16,37,80,77,44,1
5,0,0,0,60,14,53,26,12,30,34,59,5,68,85,57,48,22,88,33,25,46,4,89,19,5,1
69,1,4,2,3,16,13,77,12,6,43,14,18,62,34,80,34,18,19,99,34,31,47,43,23,60,0
16,0,4,2,98,31,35,12,69,57,13,36,78,67,39,58,79,91,15,61,3,44,89,27,95,65,1
30,0,3,2,14,42,30,72,44,65,7,70,56,79,98,29,73,17,68,92,38,59,97,42,44,22,0
68,2,2,0,3,92,22,5,31,17,14,39,95,72,73,83,5,62,66,10,42,16,95,3,62,67,0
80,0,0,1,31,85,69,34,21,64,83,21,10,76,2,8,59,75,86,13,96,17,72,22,73,82,1
46,1,3,1,29,24,27,97,24,73,77,57,93,40,24,77,98,47,97,9,98,74,10,84,20,85,1
44,0,2,1,63,1,75,41,81,53,74,15,17,98,58,89,15,5,56,46,47,41,75,59,76,3,0
1,2,0,1,26,78,71,6,62,45,62,11,12,42,16,62,80,35,84,7,68,89,79,35,27,92,1
46,2,3,2,15,13,73,70,51,36,28,66,14,99,46,45,51,18,76,20,63,36,26,54,28,19,0
24,1,1,0,1,21,95,15,17,68,53,99,29,44,18,86,33,12,42,61,92,99,21,51,51,35,1
72,1,1,2,78,56,19,8,31,3,49,81,4,19,86,74,36,21,57,67,92,43,33,76,41,8,1
94,0,0,0,93,30,34,56,84,60,30,82,94,52,31,65,58,9,1,65,59,87,16,95,15,15,0
45,1,3,2,0,10,84,3,70,25,49,11,94,80,96,74,91,95,64,46,91,52,70,1,23,3,1
18,1,2,1,49,42,74,66,11,66,26,53,65,48,15,1,59,53,29,83,37,27,24,95,9,59,1
41,2,2,1,41,46,36,79,21,56,83,26,40,79,33,31,89,88,65,11,39,72,75,89,72,9,0
95,2,3,0,38,59,65,64,50,35,23,26,1,30,56,77,65,28,14,11,27,83,23,20,9,77,0
17,0,1,2,57,75,21,69,35,44,35,21,77,79,60,99,55,88,95,32,44,35,19,17,37,66,0
22,0,3,1,68,67,20,77,94,77,69,11,15,80,86,13,60,70,45,31,14,43,16,40,53,43,0
97,0,1,0,77,78,42,96,30,98,16,91,82,53,61,86,31,39,12,83,34,4,72,28,69,24,0
94,0,1,2,68,90,88,71,0,83,43,86,95,74,38,53,87,74,28,53,89,15,98,19,45,66,0
64,2,2,0,80,65,28,83,69,7,28,50,32,2,59,34,68,90,75,83,19,72,38,3,18,90,1
44,0,0,2,59,56,85,91,51,52,85,42,82,71,71,41,89,25,22,42,76,27,8,19,55,82,0
38,0,4,2,94,54,77,10,25,41,26,10,37,97,42,18,63,5,45,41,91,64,98,71,58,51,0
46,1,3,2,67,24,11,25,11,42,50,36,45,52,87,79,12,88,53,56,3,74,95,48,6,10,0
91,0,1,0,22,27,56,25,24,53,28,82,96,35,13,77,34,29,91,16,66,79,29,92,44,78,1
88,1,3,0,63,37,63,86,88,6,21,80,81,40,73,9,56,6,49,90,51,32,0,52,59,33,0
3,2,0,2,89,3,0,70,93,49,72,60,34,7,23,82,35,49,42,26,31,77,17,27,28,15,0
98,0,0,1,3,36,16,38,47,45,89,47,38,3,29,29,21,74,65,11,93,35,17,89,52,70,1
0,1,4,2,89,5,69,43,71,23,85,18,17,94,29,41,32,73,11,93,26,38,8,20,75,28,1
32,0,4,0,51,43,53,17,2,6,42,81,37,36,57,32,58,94,10,67,81,67,97,92,87,21,0
65,1,1,2,24,56,84,54,15,94,13,38,27,95,91,50,48,8,57,44,21,31,68,86,68,41,1
52,0,4,0,38,14,70,28,2,82,9,91,28,78,34,5,11,37,76,92,18,66,7,7,83,46,1
3,2,1,2,44,7,86,15,76,66,8,59,77,76,70,14,70,97,40,21,23,43,0,9,79,71,0
55,2,2,2,88,80,59,25,77,40,35,22,42,5,68,42,24,17,61,12,42,77,27,17,58,59,0
62,1,1,1,55,26,31,8,95,83,91,96,67,45,97,66,25,7,5,79,23,47,93,44,12,68,0
24,1,4,1,65,73,44,46,62,75,76,54,74,18,34,52,25,13,44,43,87,64,50,42,85,22,1
55,2,3,0,54,91,91,59,58,32,18,27,51,48,36,25,98,97,98,39,79,37,76,86,53,21,0
15,0,4,2,44,45,71,54,85,84,25,84,24,64,5,22,63,86,42,22,95,29,76,17,86,78,1
96,1,0,0,90,44,43,81,87,46,39,50,41,6,49,47,83,90,5,90,8,56,30,20,89,39,0
44,2,4,2,19,91,16,27,40,65,24,57,40,5,74,37,5,44,74,13,65,39,2,98,96,23,1
18,1,2,2,34,61,0,99,24,44,48,97,88,15,97,92,18,22,82,24,15,53,72,0,41,18,0
96,2,1,2,17,33,88,44,5,20,69,95,47,38,30,9,29,17,59,87,72,94,14,3,62,39,1
8,2,0,1,80,15,14,98,51,68,4,19,78,17,1,92,12,3,41,73,60,94,7,66,62,8,0
93,1,1,0,12,35,12,11,36,73,72,51,70,1,55,59,22,39,63,84,22,28,77,89,50,68,0
94,1,1,2,19,54,80,1,24,12,91,69,66,57,98,81,74,83,63,68,82,85,58,59,82,61,0
15,2,4,2,88,54,34,54,13,48,82,99,6,29,82,48,88,15,50,71,81,91,79,82,41,16,1
62,0,3,0,26,9,33,35,24,5,23,17,86,5,28,24,54,80,45,23,74,25,97,27,2,74,1
37,2,0,0,89,47,20,53,55,93,58,71,50,19,95,85,58,70,8,0,28,62,71,55,67,34,0
2,0,2,2,90,79,70,43,86,40,74,41,32,49,62,99,36,58,80,98,47,4,47,95,2,46,1
61,0,2,1,60,30,94,16,23,22,81,49,77,78,78,69,26,14,49,35,7,78,2,61,46,76,0
97,0,3,1,31,93,12,0,33,61,78,77,92,97,81,70,92,30,63,24,37,13,7,90,53,1,1
80,1,3,2,93,92,83,84,60,21,34,15,49,42,16,79,57,1,3,84,38,97,93,5,80,88,0
68,2,4,1,15,50,36,72,68,41,56,65,8,99,85,63,85,21,33,54,28,37,96,17,70,64,1
96,2,2,0,3,81,26,42,58,31,32,27,54,99,59,69,61,79,33,86,87,55,12,55,17,53,1
76,0,0,1,41,80,78,17,22,53,29,97,57,67,66,70,17,6,39,69,85,64,67,48,51,28,1
20,0,3,0,46,75,41,50,55,50,69,19,87,26,37,71,64,53,23,46,70,82,85,62,56,54,1
59,0,3,0,92,21,74,83,28,40,41,97,64,30,29,17,16,37,13,86,88,78,55,21,66,55,1
18,2,3,0,34,0,51,84,92,69,36,64,50,0,90,20,52,15,60,53,39,25,79,91,64,99,0
73,0,0,0,58,22,6,43,52,70,78,33,45,67,77,77,15,70,95,18,1,9,49,80,11,69,1
21,2,2,1,53,57,69,82,17,5,44,96,22,22,25,76,6,78,43,26,25,96,78,35,54,63,1
90,2,0,0,1,54,96,79,86,37,79,77,28,25,34,78,66,86,28,33,96,40,40,22,70,2,1
57,1,0,2,42,6,0,60,13,51,95,5,9,70,89,97,29,99,20,59,80,96,73,62,41,50,1
63,0,4,0,40,31,14,61,26,27,80,63,58,57,1,35,70,12,14,88,86,59,21,62,89,96,0
74,0,3,2,42,37,40,44,87,39,96,16,87,56,1,95,61,87,8,67,80,16,49,93,39,57,1
74,0,2,0,54,28,23,73,16,17,41,83,44,81,16,72,13,48,28,94,3,81,19,46,8,76,1
78,1,4,0,18,89,51,25,88,25,25,45,91,48,81,95,52,2,65,96,41,18,16,32,75,48,0
55,0,4,1,54,25,98,71,51,99,6,45,45,99,15,23,60,53,61,0,48,24,9,79,15,57,0
71,2,1,0,15,19,79,70,77,42,25,89,77,70,32,25,44,83,62,66,51,67,25,74,1,13,1
29,0,3,0,43,32,12,77,87,97,25,20,27,47,99,39,65,72,86,78,76,22,80,47,1,83,0
19,2,2,1,54,11,39,65,99,77,15,82,33,43,5,76,63,99,21,17,11,51,93,50,70,95,1
47,2,2,1,26,52,47,6,58,68,10,14,63,2,68,22,52,36,8,14,2,92,69,16,25,20,1
71,2,2,2,71,87,34,13,13,9,11,37,33,40,9,16,16,66,61,94,0,11,3,41,12,97,0
84,2,3,1,68,18,1,11,80,73,97,5,7,50,10,62,56,11,72,1,7,10,52,99,9,84,1
83,0,2,2,75,13,53,84,85,20,49,93,38,19,87,86,6,8,0,25,37,37,60,43,85,43,0
73,1,0,0,50,37,23,50,9,71,20,69,84,56,38,87,32,58,17,55,91,56,95,75,47,41,0
26,1,0,2,31,25,24,74,22,97,56,51,86,92,30,63,70,32,84,1,17,46,32,97,83,34,1
50,2,3,1,29,43,52,9,86,51,48,10,65,57,89,35,32,46,12,39,88,67,41,18,81,93,1
18,0,2,0,79,64,11,23,33,52,7,17,56,4,25,29,53,12,82,28,2,89,57,75,1,74,0
27,1,1,2,75,1,6,25,89,87,75,15,22,39,59,72,31,14,12,4,74,73,51,76,40,52,1
49,0,1,2,27,31,98,14,99,84,69,64,3,10,25,60,36,22,92,84,90,39,76,22,15,93,0
60,1,1,2,52,24,43,11,89,96,91,8,11,68,53,53,27,55,98,68,97,97,76,57,77,74,0
41,2,0,0,32,70,55,71,50,73,42,14,37,14,4,92,82,53,50,9,11,3,94,17,79,35,0
24,2,1,2,35,66,8,60,52,17,42,34,62,97,77,3,92,40,44,49,78,27,41,79,75,68,0
97,2,2,2,89,16,90,87,34,45,41,38,89,48,61,37,22,21,3,48,58,72,67,70,86,1,1
48,1,2,1,39,47,50,42,97,54,87,48,89,79,56,76,14,26,67,79,63,93,29,35,66,85,1
85,0,1,2,84,55,67,94,43,30,57,86,52,83,78,22,27,15,36,20,78,16,36,76,18,29,1
44,2,4,0,35,99,83,51,18,43,6,43,67,33,65,68,54,9,95,41,40,76,68,9,9,90,1
59,0,1,1,64,91,77,84,29,84,48,8,16,68,57,56,61,94,51,60,39,37,42,62,18,99,1
49,0,4,0,96,61,92,42,48,35,9,94,5,56,0,70,57,90,20,91,79,55,86,19,53,24,1
27,2,3,1,46,69,56,92,18,96,64,2,41,20,98,39,66,24,54,83,51,43,97,84,55,54,0
86,1,3,1,72,80,65,18,82,6,62,41,41,58,19,72,16,26,46,1,62,61,99,18,16,68,1
38,2,2,2,38,35,39,44,3,24,68,29,75,67,87,28,72,67,50,23,13,68,17,41,56,82,0
11,2,0,0,87,74,98,22,80,0,78,31,8,14,27,23,59,34,85,26,82,75,19,64,84,48,0
0,1,2,2,95,61,85,17,45,31,26,91,17,38,48,92,81,43,71,53,94,33,70,35,17,37,0
58,0,2,1,50,34,81,4,13,91,29,3,38,83,63,24,27,75,65,77,21,30,22,47,19,37,1
54,1,0,2,88,0,6,56,94,11,4,49,41,11,17,65,73,78,93,16,67,70,61,40,94,33,0
69,1,2,1,33,43,14,77,69,49,31,66,2,85,85,73,50,66,75,92,47,16,6,12,65,3,1
9,2,0,1,5,82,68,95,73,8,90,76,82,20,23,3,23,58,98,2,67,39,47,53,34,94,0
55,1,2,0,67,45,77,12,26,5,16,35,98,80,1,76,51,65,51,91,42,89,21,54,66,98,1
59,1,3,0,68,83,38,12,40,56,52,11,12,73,96,56,39,79,44,34,2,4,89,10,70,55,1
9,1,4,0,30,74,70,65,69,40,62,31,19,56,97,49,79,24,11,70,38,16,44,10,69,22,1
90,0,2,0,85,83,88,78,92,71,36,48,51,32,21,4,17,37,36,93,94,63,9,78,41,47,1
43,0,4,2,15,53,34,97,27,1,93,12,40,79,58,68,91,52,44,19,23,60,90,93,57,26,1
25,2,1,0,52,58,37,68,86,91,97,52,14,95,25,47,94,18,8,63,92,53,50,38,3,2,0
63,2,2,0,57,74,26,96,20,38,94,45,65,90,35,74,81,64,62,98,34,30,27,0,24,42,1
83,0,3,0,1,81,63,73,68,8,1,33,59,60,30,9,75,35,84,48,69,48,2,73,4,89,1
60,1,0,1,71,4,14,15,0,15,36,2,51,46,94,12,79,54,20,65,53,26,37,89,57,61,0
45,2,3,1,7,96,70,63,20,71,62,84,63,19,7,57,45,30,92,8,14,93,25,9,28,79,1
35,2,4,0,70,22,40,92,79,27,47,37,30,13,96,72,90,87,76,89,28,50,48,42,91,91,1
71,1,0,1,41,6,41,35,26,57,45,65,24,72,26,0,86,73,41,51,24,53,66,5,57,69,1
52,1,3,1,86,1,75,21,36,19,23,83,64,64,80,0,93,2,45,54,74,87,85,63,44,25,1
76,1,3,2,34,23,27,99,79,15,58,80,53,78,15,14,97,10,64,78,89,67,42,68,98,12,1
9,1,3,1,40,49,86,70,58,38,2,75,6,48,25,32,47,78,1,70,31,3,19,35,31,27,0
76,1,0,2,34,29,53,35,54,88,79,57,82,64,68,50,21,87,52,99,35,67,35,51,52,81,1
49,0,3,1,21,65,20,99,43,46,38,28,53,89,84,16,79,59,30,72,94,77,48,1,47,13,0
58,1,3,0,57,50,83,1,40,82,81,15,3,11,28,6,13,11,98,4,80,31,73,42,80,68,1
44,2,4,1,99,99,17,8,61,56,28,77,24,14,5,41,28,78,92,3,81,56,48,43,79,74,0
13,0,3,1,44,81,57,19,57,88,56,76,67,77,96,91,51,36,7,43,97,4,68,30,44,8,0
31,2,3,2,75,28,2,89,56,29,8,25,1,61,2,45,67,24,50,12,43,34,54,86,8,1,0
60,1,1,0,30,46,1,95,81,76,68,57,43,73,55,42,88,33,29,70,69,54,66,12,2,25,1
56,2,0,2,42,59,57,48,41,75,99,65,10,97,89,17,84,99,51,45,43,21,52,58,93,29,1
7,1,1,0,19,24,18,4,74,78,71,82,86,26,39,95,25,26,61,82,49,41,28,38,59,40,0
32,2,4,0,15,22,6,25,95,11,71,4,91,68,48,25,4,21,78,12,27,32,22,96,17,29,1
25,2,1,2,32,25,47,64,37,1,5,45,49,37,87,17,26,40,71,91,73,16,61,28,57,69,1
77,1,2,1,38,11,98,13,21,50,22,47,70,49,88,12,84,9,54,8,78,51,1,24,12,97,0
50,2,0,0,2,58,69,47,63,18,66,81,72,75,4,66,10,93,67,68,0,90,91,62,28,81,1
11,0,3,1,36,44,79,47,23,98,21,99,10,57,45,28,34,14,59,94,41,42,79,73,48,63,0
31,2,1,2,86,65,37,30,25,28,66,77,24,47,64,52,66,89,17,8,37,86,20,64,20,26,1
69,0,1,2,44,16,39,2,75,75,65,45,85,86,29,68,8,84,10,68,98,90,65,87,30,32,0
38,0,3,2,91,59,30,10,86,1,26,98,1,20,57,4,51,44,84,92,19,60,37,19,24,1,1
31,2,3,2,66,96,0,50,4,12,18,11,47,24,56,34,75,93,4,97,21,76,56,46,53,2,1
52,0,4,0,87,32,71,87,49,83,15,75,76,38,88,45,95,87,46,43,8,86,49,76,59,95,0
14,0,1,2,85,79,40,73,23,81,48,17,6,3,89,68,59,54,15,98,89,81,28,22,13,78,0
48,2,1,1,16,22,56,80,57,13,92,19,29,18,52,55,76,81,22,61,32,17,72,32,31,60,1
53,1,2,1,69,98,33,83,24,67,73,73,87,84,10,90,15,89,60,93,79,6,15,98,15,39,0
11,1,2,0,42,99,16,31,40,5,87,26,19,24,65,8,91,52,60,37,2,83,69,96,54,0,0
69,0,1,2,78,25,13,53,70,45,30,87,58,94,28,95,16,13,35,57,23,62,90,24,58,31,0
81,0,2,0,8,98,63,71,19,53,85,82,29,52,91,98,62,10,30,48,99,93,86,18,11,14,0
30,1,1,0,28,25,1,83,14,3,85,49,37,22,58,89,74,27,65,7,28,10,17,54,49,13,0
73,0,0,0,10,62,75,66,52,38,77,55,27,74,38,24,20,9,42,14,82,47,85,20,59,95,1
49,1,4,2,3,91,77,71,8,34,20,57,17,96,71,80,42,94,97,5,85,77,66,11,99,11,0
65,2,2,1,28,80,95,6,93,27,13,43,29,80,31,69,87,5,26,81,87,23,33,39,46,78,0
74,0,1,1,17,43,75,56,27,70,22,84,33,10,85,34,92,41,27,81,77,81,91,23,7,52,0
71,2,2,0,4,96,48,97,29,71,62,46,25,56,36,97,6,39,91,38,61,91,77,52,3,81,0
24,1,4,0,66,94,19,82,10,66,86,6,22,60,70,33,18,57,8,47,81,40,47,44,24,77,1
24,1,0,1,79,26,73,62,67,18,27,84,77,32,9,82,29,21,2,81,74,47,1,75,53,5,0
39,2,3,1,72,1,92,96,73,97,54,71,59,96,5,18,95,26,0,32,39,31,68,16,7,56,1
41,0,3,2,34,70,78,52,53,83,24,66,61,54,45,23,97,45,21,10,47,7,38,34,48,45,1
37,2,2,0,90,91,39,33,95,78,16,32,46,51,79,92,8,32,59,92,76,20,57,84,68,9,0
5,2,1,2,56,45,7,9,72,66,10,11,9,24,48,48,88,10,61,35,38,52,89,77,55,0,0
55,0,4,1,34,76,51,30,86,67,51,79,6,21,92,74,55,96,57,92,63,11,6,54,61,89,1
72,1,0,1,35,88,23,43,16,1,12,30,92,27,59,26,14,94,78,32,19,41,11,72,22,71,1
95,2,0,1,76,84,30,53,4,12,27,42,88,98,46,70,37,95,66,61,38,36,85,7,80,51,1
90,2,0,1,75,26,7,22,63,92,19,15,16,79,18,7,37,37,52,92,99,89,30,43,59,75,0
16,1,3,2,41,47,11,95,88,17,78,95,5,42,34,97,53,61,68,81,15,7,88,95,89,85,1
30,2,4,1,91,69,19,4,22,8,57,58,92,79,53,45,21,63,7,19,50,77,38,36,49,33,0
74,1,3,0,43,33,70,61,22,45,55,6,88,60,2,37,83,33,43,29,16,58,9,98,83,17,1
44,0,2,1,58,48,99,62,86,31,9,10,69,61,46,33,99,16,53,75,84,39,18,66,81,52,1
63,1,0,0,15,71,17,51,47,42,38,48,11,9,70,54,0,48,35,20,36,23,54,24,6,80,0
92,1,4,1,70,23,10,72,11,34,62,67,99,91,56,12,22,82,38,87,79,96,11,33,70,74,0
30,2,0,2,30,1,14,56,74,33,67,74,28,65,15,38,76,36,80,20,43,18,70,7,76,65,1
40,1,3,0,60,25,70,82,69,28,65,18,67,57,69,56,36,60,91,29,70,72,24,96,64,5,0
17,1,3,2,96,64,76,83,64,51,66,81,77,30,90,16,54,92,35,25,52,16,85,24,1,85,0
4,2,3,1,20,76,88,25,54,38,83,32,13,55,99,80,20,45,15,15,83,28,91,7,87,2,1
88,1,0,2,78,85,73,81,21,45,90,12,32,4,89,76,26,77,23,66,62,93,98,47,62,77,0
11,2,4,1,42,16,39,48,84,56,86,83,63,74,56,97,73,73,69,99,87,75,42,22,26,57,0
36,0,4,2,49,21,87,24,78,89,71,50,87,47,69,98,64,59,45,35,57,75,37,10,11,41,1
38,1,2,2,51,30,32,12,17,40,57,55,23,72,30,54,9,59,1,14,2,42,30,69,66,55,1
62,0,0,0,9,37,46,56,49,70,14,17,81,87,1,83,97,42,25,70,37,93,41,4,10,64,0
33,1,2,1,84,19,60,86,20,87,67,11,21,19,81,0,29,96,23,13,35,68,74,23,59,94,0
54,1,2,2,76,23,53,25,65,79,37,64,74,50,34,42,28,36,80,57,53,38,41,27,28,42,0
2,0,2,1,75,46,41,93,31,31,41,31,25,0,55,1,80,29,70,51,90,8,21,33,48,0,1
72,0,2,0,99,39,44,67,8,21,17,75,42,38,72,5,82,47,6,79,68,15,0,36,82,36,1
80,2,3,2,61,71,60,32,65,29,19,59,81,73,23,3,36,3,76,88,76,17,87,65,47,32,0
57,2,2,1,34,9,64,41,84,8,59,14,98,56,68,21,63,40,86,70,55,22,24,90,5,33,0
62,0,4,2,96,50,59,69,36,30,97,40,61,92,57,13,35,35,78,7,25,35,47,84,27,67,0
61,1,2,2,79,50,41,28,81,9,38,81,0,38,20,64,14,3,59,60,19,9,86,33,47,32,1
97,2,3,2,83,64,76,0,4,79,14,27,94,22,16,97,12,13,10,27,41,95,98,60,63,30,1
80,1,1,2,20,76,58,49,68,69,29,94,16,74,19,47,72,1,36,0,3,99,53,24,2,8,0
85,2,1,0,33,42,73,93,21,69,1,93,65,31,15,75,0,71,47,49,12,14,52,43,7,73,0
45,2,1,0,10,42,19,19,20,81,56,49,73,97,25,29,72,30,41,67,60,60,69,77,67,89,0
16,2,0,1,62,92,74,79,29,24,74,70,25,55,21,88,18,30,25,41,40,99,22,46,12,88,0
65,0,4,1,27,76,34,40,76,30,84,31,53,97,71,58,40,65,95,53,39,27,36,64,73,54,1
3,1,3,2,74,13,37,11,44,16,79,34,65,74,40,66,28,17,19,13,33,48,53,30,57,41,0
57,0,1,2,62,18,71,91,7,94,2,66,85,80,99,16,13,8,61,93,20,75,36,95,10,19,0
34,2,3,2,51,7,3,26,43,39,46,93,43,47,90,84,51,83,67,10,76,72,3,75,72,76,1
47,0,3,0,91,57,18,87,82,76,76,57,27,65,9,85,76,57,72,96,13,83,14,95,32,16,0
23,0,0,2,61,46,15,65,80,95,42,7,2,11,83,15,77,79,58,48,62,61,48,50,32,29,0
58,0,1,1,91,22,77,93,96,44,61,78,70,14,45,63,45,55,43,74,28,94,61,88,51,53,0
87,1,2,2,21,19,32,71,24,45,72,97,56,86,4,54,60,88,7,15,47,60,14,64,21,2,0
53,0,3,0,81,66,9,48,64,90,56,26,74,4,70,82,56,92,14,98,75,29,19,36,2,72,0
40,0,1,2,22,22,84,15,8,12,27,26,50,63,51,80,37,99,64,17,62,50,8,12,39,54,0
78,0,3,0,32,23,35,9,99,19,74,11,61,17,93,62,83,24,11,20,24,10,63,72,49,61,1
88,0,0,0,13,0,80,24,58,71,68,4,98,18,22,8,93,49,15,32,1,13,0,89,57,88,0
15,0,0,0,43,79,13,92,23,54,14,82,71,33,1,26,73,98,86,71,91,22,67,13,62,92,1
64,0,2,0,96,89,80,86,63,31,78,12,65,18,23,87,10,58,85,14,9,40,26,59,72,51,1
27,0,0,1,43,9,62,92,81,46,37,69,75,52,77,43,73,53,19,78,30,6,57,9,9,38,1
27,2,1,0,42,78,84,51,55,75,67,8,91,22,62,60,39,43,85,23,50,57,89,93,32,15,1
21,0,0,1,70,89,71,69,29,22,31,85,56,8,30,70,8,12,57,2,34,96,20,63,94,51,0
33,0,2,1,95,5,84,96,31,51,82,96,27,94,84,97,63,78,77,18,14,5,72,83,97,37,0
25,1,4,2,72,95,52,55,58,69,77,91,57,87,12,42,75,50,18,20,90,82,23,25,44,27,0
81,2,3,2,67,43,60,92,67,73,24,94,66,1,88,48,69,25,71,98,26,88,17,53,0,60,0
2,0,3,0,50,14,7,37,82,55,46,89,9,77,48,40,82,29,4,94,70,82,30,51,87,97,1
22,1,1,2,37,40,99,26,74,68,56,16,70,90,46,78,12,10,89,85,91,23,92,72,3,45,1
17,0,2,0,92,9,72,58,30,27,59,2,54,13,57,88,14,1,23,77,63,70,99,23,26,36,1
93,0,2,2,78,25,64,3,28,0,49,85,10,73,58,61,80,35,55,89,20,12,8,10,74,69,0
0,0,2,0,55,30,85,36,46,90,77,46,68,57,35,31,97,63,70,41,47,73,80,29,20,59,1
12,0,3,2,37,24,25,76,58,91,32,40,29,56,48,47,71,48,46,55,64,11,68,87,5,88,0
64,0,0,2,2,48,18,59,28,49,1,72,55,16,59,35,60,16,48,75,59,19,49,2,42,56,1
49,1,3,1,36,45,41,14,32,79,10,19,23,63,79,93,97,64,87,87,72,85,75,16,88,91,0
60,0,3,2,26,85,73,60,57,30,90,11,45,30,31,31,98,52,60,45,84,73,79,6,3,90,1
51,1,3,2,83,35,53,53,16,74,29,98,21,42,26,36,45,34,3,79,79,84,25,99,18,80,1
44,0,0,0,62,27,64,43,99,42,36,65,16,39,37,84,60,8,76,74,60,79,15,1,71,42,0
41,1,4,1,87,66,29,12,18,6,8,82,53,85,81,60,86,1,49,74,30,32,77,79,10,32,1
6,2,1,0,77,91,52,79,18,80,89,5,48,72,49,80,94,11,22,53,68,99,58,35,2,57,1
87,0,4,2,38,89,67,54,44,75,0,20,82,20,51,81,42,51,66,43,31,9,63,78,68,67,0
27,2,4,0,3,78,16,66,73,46,55,22,17,0,34,63,57,94,58,0,2,66,36,82,28,88,1
32,2,3,1,89,3,13,90,32,21,47,2,86,84,22,67,20,42,94,84,25,40,98,37,87,10,1
28,2,4,0,60,18,45,48,21,77,56,13,43,15,96,76,11,54,50,38,32,32,28,68,69,30,1
79,0,3,2,96,76,51,9,87,73,40,94,76,2,58,51,33,48,27,82,86,95,12,96,97,96,1
68,2,3,0,70,23,62,85,60,22,29,59,17,95,55,52,6,96,68,91,71,78,51,3,33,68,0
32,1,1,2,25,0,3,38,53,89,32,32,71,19,15,20,44,89,86,81,61,30,41,11,64,72,0
2,0,2,1,15,87,77,2,97,96,23,72,12,1,70,20,18,88,46,21,74,32,31,63,84,38,1
83,2,3,1,24,88,96,1,18,19,92,69,16,88,67,93,83,2,86,50,81,25,55,99,63,7,0
80,0,4,0,26,44,3,85,89,95,87,98,36,95,70,32,30,54,11,10,87,71,31,56,37,59,1
85,2,1,1,55,13,32,9,79,63,63,61,67,90,91,42,79,58,51,96,18,20,21,8,8,72,0
26,1,4,0,7,79,17,32,0,75,5,40,54,4,58,79,17,48,81,64,82,53,60,7,2,24,1
68,0,2,2,81,49,94,32,17,56,15,79,37,40,6,77,52,62,88,31,37,21,15,51,28,15,1
75,0,0,0,88,12,71,55,4,11,40,2,98,32,85,49,55,8,81,49,28,38,90,99,44,16,0
55,2,2,2,68,13,66,22,93,60,22,26,53,9,88,76,15,40,97,54,60,85,80,86,99,48,1
72,1,1,1,49,85,42,76,7,58,64,80,11,3,76,94,40,6,86,87,68,68,80,29,72,5,1
88,0,2,2,65,9,15,36,78,76,76,31,46,71,42,81,35,25,9,30,96,28,4,76,0,86,1
2,2,2,2,34,14,66,92,29,81,74,42,59,39,64,28,73,91,94,18,2,35,42,14,96,40,1
89,1,1,2,83,76,32,4,77,90,86,13,67,82,46,53,3,93,82,94,94,8,52,76,77,59,0
45,1,1,2,36,22,26,69,89,65,60,76,50,49,18,0,39,31,21,92,65,39,37,47,54,74,0
80,1,4,2,7,85,67,74,71,8,89,1,79,94,69,84,89,58,18,27,71,13,23,43,55,89,0
94,1,3,0,40,65,24,60,65,41,64,35,75,8,35,91,37,32,41,60,45,85,88,60,17,69,0
81,0,0,2,71,12,42,59,56,70,16,49,31,21,54,56,12,46,86,61,53,28,21,64,28,47,1
4,0,0,2,70,45,34,44,12,9,65,69,71,99,24,43,59,46,39,6,45,22,82,45,85,12,1
20,1,0,2,32,3,2,90,51,98,27,69,69,54,56,86,96,15,23,68,40,76,46,75,68,30,1
91,2,2,2,43,26,98,25,59,17,96,88,55,30,58,1,96,38,60,62,95,17,16,97,38,70,1
53,2,1,2,34,10,60,43,67,24,47,31,83,94,3,37,62,46,0,2,85,61,63,16,77,61,0
34,1,1,2,1,55,76,50,53,15,17,6,44,35,40,93,41,6,14,59,39,82,36,65,54,76,0
94,1,1,1,56,5,91,31,73,17,67,72,6,7,63,6,40,39,2,16,65,78,92,51,21,3,0
5,2,3,0,89,16,87,91,98,30,76,34,15,78,17,61,26,34,44,34,27,8,75,14,20,51,1
34,1,1,2,54,86,76,43,64,92,87,79,24,86,91,46,79,55,37,10,66,14,0,6,0,48,1
95,1,1,0,86,44,92,96,70,11,94,31,19,50,80,35,66,0,26,39,96,83,13,99,68,86,1
78,0,2,1,18,76,28,60,69,78,79,23,22,9,53,40,48,16,55,44,29,43,73,54,18,28,1
1,0,4,1,25,78,37,2,79,65,94,91,70,93,42,61,70,99,92,23,38,67,92,43,4,54,0
92,1,0,2,82,25,36,90,93,52,29,2,42,6,48,72,40,76,78,53,68,92,98,90,26,7,0
31,1,2,0,12,62,92,34,60,53,7,28,94,40,29,85,20,75,10,1,49,40,65,97,2,79,0
50,0,2,2,24,29,81,10,92,16,25,22,55,51,47,19,1,87,30,26,1,77,3,12,99,34,1
71,1,2,1,9,20,73,22,2,31,19,73,28,51,45,33,83,60,71,70,69,10,81,92,88,62,0
20,0,0,1,9,26,11,6,16,64,63,25,14,32,61,46,94,34,64,71,75,82,24,56,31,62,1
11,0,2,0,0,50,69,7,67,4,88,85,91,38,22,67,51,3,46,20,55,65,58,6,48,15,0
16,2,4,2,74,33,32,25,65,62,86,40,85,57,97,78,9,14,41,92,56,86,16,59,8,35,0
72,0,1,0,50,96,94,69,73,79,67,21,76,79,92,5,25,74,87,92,2,51,73,59,62,64,1
51,2,4,0,88,71,67,27,70,9,56,99,65,89,49,13,15,53,42,41,80,21,67,18,65,38,1
72,2,1,1,24,17,22,84,10,38,67,24,62,95,29,44,89,60,99,50,97,8,75,1,4,61,1
68,0,1,0,58,67,8,92,21,26,9,79,60,50,9,5,61,4,69,62,55,58,62,88,58,50,0
49,1,2,1,50,51,98,73,33,35,69,42,15,58,52,18,97,88,94,40,80,46,93,53,54,94,0
18,0,2,2,58,64,67,27,17,25,18,54,56,5,0,7,96,50,84,87,24,46,54,63,82,92,0
9,2,0,0,70,16,60,9,30,59,69,16,49,36,81,61,89,79,71,87,76,28,31,87,79,10,0
95,0,3,0,17,36,12,73,89,80,63,0,62,88,33,9,83,6,55,79,36,28,11,16,47,83,1
25,0,4,2,41,60,57,53,33,6,34,14,64,89,98,24,58,78,85,5,51,78,87,20,70,92,0
95,2,0,0,68,61,3,85,17,98,80,55,23,65,12,61,53,14,68,2,36,36,2,62,34,51,1
86,0,0,2,35,32,63,25,47,39,16,39,6,56,7,55,30,58,57,11,47,30,82,62,73,38,0
75,0,4,1,53,77,74,70,28,73,92,72,99,47,73,82,55,94,16,8,96,33,44,87,8,6,1
15,2,4,1,75,60,41,12,11,84,73,19,49,35,91,87,68,36,11,98,39,53,1,49,40,44,1
8,1,1,0,4,75,0,43,21,37,18,79,30,66,86,41,81,25,12,57,17,66,86,2,54,88,0
90,2,3,1,51,88,23,71,8,36,93,82,52,79,23,20,99,39,61,69,68,13,41,49,60,3,0
71,2,2,1,84,56,89,47,43,44,90,79,89,32,30,46,5,71,70,33,52,13,15,42,72,73,1
80,0,3,2,40,52,28,69,58,88,63,23,88,15,51,79,5,36,84,3,97,91,37,40,91,80,0
13,2,3,1,64,92,51,94,29,56,78,81,98,29,97,41,10,26,23,98,38,71,17,76,44,87,1
86,0,2,1,30,91,21,43,91,63,76,24,50,6,5,23,18,82,99,8,35,39,92,23,47,62,0
68,0,3,1,44,89,13,28,5,6,36,52,17,86,37,58,0,67,43,46,34,86,90,59,89,51,0
7,0,0,2,95,68,83,13,95,25,69,57,99,39,50,4,76,31,79,0,76,53,10,52,7,24,0
39,2,0,0,77,2,99,90,83,78,61,26,44,91,24,60,43,96,45,13,7,47,13,64,79,81,0
6,2,2,2,54,12,72,55,55,14,56,57,34,87,96,15,7,92,86,44,94,39,53,13,58,93,0
52,0,2,0,5,54,96,43,17,15,11,19,44,63,58,92,93,89,21,96,46,28,85,44,76,8,1
23,1,4,0,90,43,70,71,77,75,35,60,80,39,92,26,0,33,67,87,20,32,6,64,2,50,0
78,1,4,1,73,92,58,5,28,16,59,21,23,80,84,50,49,10,55,70,41,38,68,47,56,20,1
81,2,3,1,68,76,50,75,61,84,36,5,70,25,7,72,90,3,20,30,20,24,14,34,48,42,1
40,0,3,2,46,91,60,13,67,52,83,33,75,96,23,19,68,29,87,6,35,37,79,51,14,45,1
22,0,2,2,14,92,48,20,14,13,41,79,14,62,67,26,86,92,52,51,62,72,52,56,51,42,0
6,2,3,2,4,74,91,79,40,93,3,1,66,20,69,42,81,68,8,83,27,25,81,82,2,72,1
99,1,1,1,62,54,22,33,68,14,46,2,82,27,2,3,87,30,44,58,44,74,36,64,8,16,1
64,2,0,0,30,25,22,29,9,71,88,63,21,14,55,73,19,46,86,52,52,0,1,57,18,61,1
77,2,3,2,26,28,14,45,0,59,91,56,2,17,51,59,33,95,92,88,59,25,71,18,21,92,1
32,0,3,0,82,9,90,14,10,89,23,76,95,3,12,72,56,97,36,47,70,0,59,11,20,10,1
43,2,4,1,97,33,24,3,63,89,15,9,65,34,82,5,18,58,52,7,77,9,66,37,28,14,1
86,1,1,1,82,27,25,9,46,3,54,65,66,6,54,79,30,73,18,27,80,27,18,86,19,12,0
76,2,3,1,14,16,53,49,27,82,3,21,85,38,33,96,43,41,39,96,11,1,27,73,85,80,1
89,0,0,1,83,75,98,80,91,9,85,56,96,85,36,76,90,63,78,85,93,39,97,59,97,47,1
98,1,3,0,43,91,36,88,35,80,87,20,1,30,96,29,75,43,11,50,48,23,23,59,10,12,0
90,0,2,0,63,19,71,72,70,77,27,1,42,7,12,84,91,34,22,45,14,1,60,75,63,51,1
35,2,1,2,46,82,1,43,63,80,77,27,90,53,73,66,35,62,24,85,47,38,46,93,20,29,0
91,2,3,0,20,0,36,76,84,45,8,16,46,84,94,58,53,85,11,63,5,52,15,89,4,72,0
45,2,1,0,93,51,25,52,28,18,46,7,22,34,94,52,98,95,57,4,15,16,31,95,51,19,1
65,0,3,0,57,92,92,82,43,5,49,71,87,19,13,4,40,39,33,79,44,70,79,70,26,77,1
77,2,0,2,43,19,35,6,31,66,38,92,23,85,69,87,86,53,37,73,79,74,31,44,60,69,0
87,1,0,0,75,55,26,37,61,17,63,76,29,48,40,12,33,99,93,24,65,99,17,4,18,41,0
17,1,1,0,36,48,85,12,54,16,8,87,43,77,45,7,36,18,62,91,45,93,70,25,45,45,0
74,0,4,0,71,2,27,28,86,17,34,76,75,46,4,74,58,74,58,46,94,94,12,77,88,32,0
96,0,4,1,43,57,5,88,14,3,55,63,67,93,33,90,94,55,31,8,62,71,77,32,86,20,1
54,0,2,0,12,3,83,49,47,77,29,28,7,11,40,25,49,1,54,55,13,5,94,80,88,60,0
95,2,4,2,43,88,94,58,36,24,15,37,42,86,13,5,88,22,59,11,12,99,97,5,62,37,0
49,1,1,2,60,7,96,33,78,99,59,56,98,45,21,86,39,44,54,50,85,4,94,12,27,83,0
96,1,4,2,86,23,97,6,37,36,67,97,41,85,4,63,49,86,14,94,72,52,24,88,84,8,1
37,1,2,2,67,92,14,64,53,29,92,19,32,99,85,76,6,7,27,44,72,88,79,73,10,30,0
11,0,3,1,43,95,49,16,34,0,28,50,63,3,86,27,15,62,75,52,84,16,39,12,51,57,0
95,0,4,2,60,78,33,69,16,19,72,58,68,86,32,77,16,56,82,96,0,12,26,69,58,5,1
96,2,1,1,9,50,18,50,91,86,67,83,82,41,90,56,97,67,37,61,6,70,49,51,25,25,1
18,0,1,1,49,79,80,21,12,11,9,64,95,29,7,20,21,17,65,47,43,8,66,53,25,84,0
93,1,2,1,33,7,9,47,54,53,77,39,14,80,17,95,22,61,45,86,98,38,14,52,87,63,0
62,2,2,2,69,65,12,46,8,62,33,80,90,28,36,42,85,63,23,70,33,47,11,22,78,96,0
12,0,0,2,98,64,46,57,4,76,4,59,95,20,23,17,20,53,9,23,84,88,59,56,22,21,1
67,0,0,1,94,98,38,41,22,69,79,1,23,16,64,69,68,59,49,92,11,46,66,64,26,47,1
87,1,0,1,58,7,54,46,1,93,93,38,44,31,64,37,76,10,9,58,89,54,19,80,16,67,0
4,2,3,2,51,9,45,27,96,42,25,54,47,28,26,17,59,73,68,73,20,23,2,94,61,1,0
65,0,1,0,19,96,67,44,74,41,46,4,88,48,36,33,72,69,17,77,18,77,39,16,59,98,0
92,0,0,0,64,52,99,6,4,23,27,61,16,19,2,36,89,14,50,47,7,12,47,2,64,72,1
30,2,1,0,33,8,61,12,68,40,76,0,88,46,3,99,62,51,9,27,5,26,11,61,51,47,0
66,2,2,2,94,14,70,35,13,77,2,66,85,18,98,75,53,68,9,32,12,98,50,31,74,23,0
34,0,3,2,53,43,61,98,67,32,76,55,35,53,18,42,11,10,69,11,90,40,24,2,2,83,1
27,0,2,1,41,87,39,5,19,10,95,26,20,12,85,34,46,85,27,20,17,30,59,36,20,13,0
88,1,1,2,94,28,46,29,89,83,37,82,26,88,86,92,14,58,2,9,78,79,16,82,10,47,1
4,2,0,2,49,25,71,68,6,15,54,77,55,3,99,47,16,35,69,79,92,99,37,61,47,9,1
35,0,2,2,43,55,41,99,12,45,81,32,20,79,78,56,68,69,66,47,75,99,32,35,32,30,0
20,0,4,1,61,95,25,65,11,21,16,6,67,36,37,95,10,0,24,41,51,23,52,55,62,80,1
7,0,3,1,51,17,90,85,15,65,4,81,2,90,80,79,69,6,49,13,37,78,46,32,42,90,1
28,0,1,0,95,59,69,1,69,42,3,55,92,58,88,8,2,89,47,42,90,99,95,0,56,52,0
15,1,0,0,54,0,89,27,52,57,72,59,58,21,7,48,41,26,38,82,24,37,84,23,23,59,1
82,2,2,2,52,31,95,91,47,38,39,41,76,75,7,78,25,11,42,50,90,81,99,62,48,26,1
8,0,3,2,89,70,6,71,79,66,9,70,84,52,94,86,56,90,85,26,53,3,87,22,47,82,0
41,2,0,1,27,62,80,30,9,48,85,93,20,99,52,86,75,88,53,56,19,48,6,28,47,92,0
12,2,2,0,93,5,44,70,4,55,70,97,31,48,12,29,24,84,59,58,84,27,57,19,33,4,0
81,0,1,0,56,74,53,80,44,85,36,83,47,53,47,5,33,62,77,47,22,83,12,46,43,31,0
25,0,4,0,35,7,39,85,21,15,90,59,59,9,24,30,20,90,80,32,30,89,20,35,64,3,0
67,0,4,2,29,44,3,68,22,15,21,71,47,61,96,59,79,4,79,6,50,64,8,81,44,46,1
66,1,1,2,72,76,47,34,53,86,80,70,15,52,39,99,19,87,68,44,5,91,68,48,38,1,1
38,0,3,2,53,11,80,36,37,14,6,77,49,64,66,43,30,42,76,47,81,80,80,60,74,83,1
9,2,1,1,80,61,12,43,46,63,90,52,89,91,76,75,43,27,1,56,56,33,86,57,51,28,1
34,2,2,0,74,72,77,8,47,66,92,82,35,95,70,91,43,81,59,62,4,86,85,89,75,39,1
18,1,3,1,90,17,49,29,65,4,92,96,41,83,93,4,49,84,57,78,83,7,30,11,20,93,0
61,0,4,0,25,89,99,39,64,58,14,0,10,54,1,64,94,43,15,21,17,46,80,29,9,98,0
57,0,2,2,5,66,40,42,84,76,17,57,59,87,26,67,21,23,39,73,65,39,5,17,80,86,0
29,1,0,1,12,75,8,67,38,23,33,60,40,4,78,49,3,50,51,38,7,44,87,27,26,64,0
33,1,0,1,37,25,23,38,20,93,46,47,12,2,31,34,18,13,47,85,80,67,44,18,63,65,1
78,0,0,2,86,73,66,68,2,37,76,41,82,39,49,34,23,87,16,39,73,65,43,22,5,65,0
20,0,4,0,92,52,36,22,96,7,75,47,9,78,23,89,46,52,38,66,65,5,20,72,73,35,0
2,2,1,0,41,44,43,90,32,59,85,92,82,82,69,82,76,25,85,20,99,1,46,29,26,70,1
19,0,3,0,12,80,3,13,19,12,2,89,89,81,95,77,46,2,0,89,23,34,13,66,12,46,1
49,0,4,0,2,50,39,67,35,50,0,32,6,51,10,26,13,85,79,45,75,9,23,60,17,85,0
8,2,2,2,49,5,84,50,35,70,99,24,10,43,13,28,73,49,4,71,68,87,56,25,5,15,1
59,2,2,2,2,62,63,61,5,18,17,79,86,42,72,2,71,37,67,75,43,94,88,79,62,41,1
63,2,0,2,70,75,36,3,1,98,43,66,67,75,82,73,61,0,16,15,8,52,72,58,8,11,0
40,2,3,2,10,7,54,95,5,52,19,38,98,71,33,56,18,70,30,81,39,13,99,80,36,43,1
8,1,0,1,49,19,35,26,71,31,0,16,8,83,44,95,65,31,44,8,29,83,37,59,0,4,0
62,2,2,1,77,72,93,23,3,77,88,67,24,73,98,6,12,67,42,56,35,13,81,71,95,26,1
36,1,2,1,24,66,89,3,99,78,95,92,73,84,15,18,28,50,17,57,43,15,64,1,55,78,1
27,2,1,2,99,12,64,15,85,63,31,79,50,78,57,45,51,62,75,59,64,80,54,56,91,70,1
72,2,1,0,70,45,46,78,37,20,13,1,71,69,32,5,89,36,13,36,7,76,12,39,91,57,1
17,2,1,1,31,85,65,76,86,24,91,57,74,32,87,65,29,80,33,85,68,47,39,50,79,12,0
89,0,0,1,47,86,47,60,11,77,55,17,26,27,81,79,51,15,76,57,92,8,25,27,76,35,1
8,1,3,2,75,56,31,66,56,53,15,61,83,95,55,22,16,79,37,71,82,29,57,97,77,21,0
16,2,1,0,76,84,39,96,56,57,90,98,15,27,97,0,40,47,30,35,32,32,81,22,59,86,0
78,0,4,0,44,79,38,44,77,80,11,92,31,55,23,12,19,78,55,52,67,53,33,27,49,1,1
93,1,1,0,25,83,91,83,74,73,60,22,36,40,51,82,81,48,26,5,73,65,23,37,27,27,1
65,1,0,2,74,73,42,58,1,14,36,70,19,97,34,33,85,30,86,18,67,23,83,38,91,53,0
38,0,3,0,34,31,46,46,63,45,34,93,16,41,28,69,16,80,13,23,56,49,56,60,38,54,1
95,1,1,1,26,82,30,72,80,82,43,67,47,56,74,21,3,80,71,45,58,33,10,30,10,55,1
37,0,3,1,25,90,7,7,59,71,33,15,12,86,75,90,21,95,26,63,1,96,25,91,82,68,0
96,2,4,1,37,60,80,64,66,45,89,94,71,42,58,45,71,34,38,91,50,3,79,76,83,50,1
4,0,2,2,35,33,53,33,82,16,4,88,17,54,52,49,71,90,78,44,12,15,85,83,12,19,0
65,1,3,0,44,36,53,5,13,3,85,54,99,33,26,6,2,46,96,1,79,24,59,78,23,14,1
94,1,1,2,5,77,80,17,19,61,80,79,39,38,51,31,72,26,51,96,62,73,62,16,48,99,1
80,2,0,0,71,12,22,56,61,53,19,85,51,22,34,66,33,32,45,80,44,18,93,86,14,77,1
65,0,0,2,58,31,20,39,91,26,1,96,79,38,85,55,12,55,65,77,55,27,63,70,81,63,1
55,2,0,1,99,3,56,29,87,83,45,55,30,87,6,89,76,53,7,54,68,43,12,92,19,77,1
31,0,0,2,24,51,67,20,17,38,14,52,37,47,51,87,71,27,84,15,15,34,16,72,98,51,1
92,0,3,2,47,21,48,51,78,0,65,63,7,85,24,65,72,72,76,69,93,78,50,52,14,49,0
70,0,0,2,65,38,73,16,6,38,67,34,50,46,35,63,94,88,12,17,20,64,99,7,47,84,0
42,2,2,1,18,22,49,50,42,98,50,68,40,71,10,79,87,84,51,22,48,37,46,71,6,65,1
93,2,4,2,28,37,83,32,28,78,22,2,92,44,7,85,28,1,49,64,19,51,84,36,71,26,1
46,1,3,2,44,43,82,17,64,24,26,6,43,28,94,43,35,18,5,24,30,8,83,73,36,26,0
12,2,3,1,96,23,43,97,59,8,1,55,29,21,74,80,99,12,70,15,96,44,64,10,69,19,0
98,0,0,0,61,93,91,90,41,82,68,57,4,26,27,25,90,48,20,0,91,57,78,54,80,25,0
83,0,0,2,88,71,68,5,22,29,77,53,86,10,30,5,10,76,11,65,52,98,35,16,27,91,1
21,0,3,1,10,23,66,29,69,65,60,77,40,81,50,43,94,12,89,11,81,8,84,47,48,52,1
55,2,0,2,71,32,22,76,53,52,48,77,77,79,48,59,89,89,64,31,78,20,17,93,59,12,1
23,1,0,1,24,49,13,5,75,83,86,29,29,37,57,93,40,93,56,35,63,97,15,87,77,89,0
71,2,0,0,67,64,54,83,77,39,24,24,2,68,25,39,37,37,67,6,93,29,18,34,32,32,0
77,1,0,0,27,77,99,37,15,20,91,96,5,40,14,2,42,46,98,13,65,28,3,25,11,1,1
16,2,0,2,42,20,14,34,84,84,84,59,43,95,4,72,17,20,71,97,73,50,40,23,23,95,0
96,0,1,1,58,33,74,94,81,22,85,42,81,39,46,40,46,19,76,64,67,23,99,35,44,1,1
27,1,1,0,35,90,5,34,37,34,99,73,93,52,37,92,58,42,3,4,67,99,44,79,24,77,1
10,2,1,0,13,23,58,38,25,42,35,38,60,15,58,95,5,97,55,7,93,26,70,26,88,45,0
40,0,3,1,17,11,86,50,38,88,9,93,73,97,76,53,28,40,8,62,76,36,13,72,71,38,1
39,1,4,2,32,95,70,18,33,77,49,46,45,55,56,82,50,53,89,80,27,18,26,47,18,96,0
50,1,3,0,68,93,57,7,41,75,41,12,25,17,41,50,83,15,2,90,78,97,44,21,22,58,0
61,0,1,0,22,59,72,87,84,54,79,62,55,54,24,25,48,62,44,72,78,38,96,64,68,55,1
8,0,3,0,25,27,39,14,5,26,37,67,74,84,63,29,81,98,2,61,11,90,29,84,37,84,1
59,2,4,2,51,28,59,20,16,17,56,36,59,37,11,74,83,72,0,57,2,62,20,22,8,82,0
54,2,0,0,90,90,38,99,75,26,45,33,32,91,94,95,49,19,39,98,94,57,30,37,85,44,1
40,0,2,1,78,76,21,15,31,65,89,13,37,97,7,99,20,55,45,42,91,45,47,69,83,30,0
32,2,1,2,72,1,16,51,44,36,41,43,80,37,98,93,5,67,50,34,57,56,72,5,12,58,1
85,0,1,0,1,57,35,71,44,8,64,76,49,78,31,97,42,94,77,53,46,13,47,54,28,46,0
62,0,4,1,36,91,51,56,87,27,35,63,17,88,34,67,77,38,89,7,87,79,83,14,6,16,0
85,2,0,1,81,55,45,46,78,15,68,1,91,53,26,30,40,35,46,42,64,49,92,0,71,56,1
15,2,0,2,21,40,75,18,88,49,58,68,33,38,73,6,51,59,51,78,23,25,89,89,9,16,1
77,1,2,1,72,70,47,73,8,85,22,70,72,26,87,92,80,83,70,42,6,91,82,62,83,43,0
38,1,0,2,24,58,12,85,80,85,97,61,7,44,17,87,59,59,1,65,90,13,47,55,11,95,0
91,2,4,2,3,89,35,49,2,0,16,70,61,47,61,68,18,33,98,48,79,46,90,49,88,25,0
55,2,0,2,24,99,3,78,31,81,77,64,60,19,73,9,87,33,60,91,26,39,64,32,67,70,0
8,2,4,1,22,42,88,56,50,12,23,10,51,16,36,12,61,90,83,96,95,7,55,92,82,69,1
43,1,1,2,85,41,73,73,28,79,64,16,29,25,52,18,52,84,16,45,84,52,63,44,48,18,1
70,2,1,2,69,25,1,58,95,4,36,30,75,98,93,47,5,14,14,60,15,19,76,43,41,45,1
94,1,1,1,2,8,74,74,24,85,41,45,72,83,58,20,73,21,28,62,72,60,63,68,39,74,0
0,1,3,2,59,45,4,21,89,52,69,31,10,9,38,97,30,11,79,37,66,65,51,4,10,24,1
34,1,1,0,85,54,74,95,98,94,71,63,19,97,3,17,50,67,19,8,79,25,24,67,40,58,0
44,1,4,1,13,20,14,2,36,45,15,13,8,6,13,5,84,14,51,71,33,0,95,68,93,85,0
19,0,2,1,49,1,46,13,30,49,60,40,13,4,74,4,63,28,74,4,95,35,78,18,63,21,1
33,2,0,1,88,55,16,73,91,81,17,44,95,77,55,79,49,57,17,79,80,6,75,97,9,68,1
84,2,1,0,98,69,13,3,17,92,98,51,37,79,19,87,98,43,50,18,67,96,65,12,61,60,0
29,0,3,2,87,47,32,73,81,18,70,56,18,87,78,40,41,86,51,3,3,4,40,86,60,74,0
54,2,3,1,59,71,24,81,43,81,9,70,49,43,13,14,15,1,29,29,81,30,76,19,48,34,1
22,1,4,1,60,83,54,66,7,39,58,31,92,6,1,84,5,91,35,31,44,41,52,8,74,86,0
74,0,2,1,10,49,34,14,74,30,91,61,27,95,24,83,91,24,74,82,91,0,58,68,73,41,1
33,1,1,0,76,4,19,65,74,61,93,95,31,57,49,37,54,27,73,85,80,21,42,82,80,87,1
35,0,1,0,27,77,57,35,69,8,20,63,75,60,93,94,39,55,3,30,26,57,24,68,69,4,0
90,1,3,0,99,6,95,71,14,36,82,38,5,82,56,91,80,18,62,30,74,78,9,86,66,61,0
2,2,4,2,57,92,85,49,78,9,20,28,95,9,12,46,22,49,86,94,3,66,84,52,1,67,0
64,2,3,2,69,6,18,43,62,64,38,82,25,43,11,21,76,91,13,85,29,43,83,90,37,58,0
41,2,3,0,33,38,40,36,64,78,31,7,96,17,44,92,95,32,4,81,73,35,96,22,39,4,0
33,0,2,2,70,80,91,21,14,14,24,52,20,65,90,31,20,67,43,82,65,89,97,13,14,19,1
33,2,4,0,70,29,76,90,62,34,12,78,45,55,8,86,35,2,97,18,27,22,6,75,13,45,1
14,0,2,2,87,7,68,61,50,62,67,77,15,83,23,5,56,30,5,98,78,28,66,74,2,27,1
73,1,4,2,9,32,99,66,68,11,56,43,12,23,43,56,95,15,95,99,20,75,50,20,59,50,1
20,2,1,0,75,57,77,5,64,85,33,55,74,2,41,61,5,5,62,19,20,1,89,94,89,55,0
95,1,0,1,22,91,29,77,36,54,95,48,33,43,21,30,6,20,15,19,42,43,46,18,47,95,1
78,2,0,1,28,44,67,35,47,86,14,43,66,95,73,39,85,13,62,80,84,50,78,57,14,64,0
87,1,4,2,41,94,10,15,72,77,18,30,72,99,52,89,7,23,7,82,47,29,57,85,54,72,0
61,0,0,2,7,0,91,69,46,99,74,4,49,23,46,17,83,27,76,4,29,0,85,81,45,68,0
30,2,3,2,88,92,27,15,53,52,11,19,81,33,52,63,22,26,16,47,20,49,39,94,2,16,0
60,0,1,2,5,27,71,54,57,44,71,18,28,22,31,9,90,48,64,28,58,44,66,50,94,10,0
85,0,1,2,66,61,4,8,27,82,91,90,76,37,42,20,90,61,45,69,37,48,74,80,38,70,1
29,1,0,2,31,7,68,29,7,18,58,54,29,78,35,54,43,26,76,77,53,47,29,38,12,15,0
43,2,4,0,34,78,27,98,6,61,50,45,19,95,37,60,31,25,57,38,19,81,49,78,51,85,0
21,0,3,1,42,81,22,76,63,8,6,40,53,64,1,3,77,31,99,1,63,13,19,88,48,7,1
91,1,4,1,86,31,7,94,15,39,26,17,34,51,14,62,52,90,80,65,30,60,63,97,33,54,1
58,1,0,0,77,45,37,34,0,28,3,60,96,16,27,49,89,7,33,58,17,94,58,26,15,9,1
75,1,1,0,74,83,50,0,26,66,11,29,8,52,60,53,36,64,41,48,3,63,78,50,90,71,0
59,2,1,1,30,71,93,57,81,3,21,2,78,98,46,37,32,77,47,64,25,7,49,79,37,9,0
41,2,4,1,11,83,48,13,45,34,28,11,81,43,65,1,58,16,9,17,21,82,57,52,0,87,0
60,1,2,2,30,30,65,18,52,75,73,94,21,22,86,14,25,2,86,19,39,38,71,17,40,69,0
26,2,4,1,57,4,72,6,40,83,9,61,25,67,23,77,40,64,16,23,26,6,72,98,11,84,1
2,1,2,2,32,45,58,51,5,1,28,39,96,60,67,67,28,61,59,83,40,86,81,88,64,63,1
78,2,4,2,19,36,63,90,85,4,33,38,66,80,61,87,23,2,70,88,66,78,92,49,28,73,1
31,2,2,1,13,67,63,19,27,13,43,97,76,94,96,38,27,63,88,31,8,27,94,16,86,76,1
54,1,2,2,47,74,66,91,40,78,59,76,41,80,70,27,12,80,14,35,91,14,74,55,94,3,1
98,1,2,2,9,93,44,83,28,52,28,22,56,49,20,42,9,75,29,50,32,17,77,21,63,20,1
0,2,2,0,53,85,31,57,45,53,32,38,22,42,54,1,65,37,28,66,70,35,28,36,99,86,0
44,1,3,1,49,64,81,61,42,55,14,47,48,80,43,9,19,69,7,44,33,95,50,3,38,83,0
23,1,2,0,24,35,70,73,57,11,0,49,24,79,4,82,67,5,25,54,38,8,44,13,54,8,1
14,1,2,2,71,95,20,56,18,92,57,94,5,3,42,92,41,2,0,54,14,46,84,45,57,94,1
70,1,1,2,2,29,34,56,28,49,61,51,13,34,27,57,29,89,6,38,94,68,34,51,13,62,1
35,2,3,0,28,52,21,71,14,68,63,3,74,17,41,29,14,69,54,52,15,72,33,26,12,99,1
26,0,2,0,30,2,29,20,98,5,91,31,41,61,88,31,98,85,87,38,63,29,62,95,30,86,0
39,2,0,0,35,23,94,57,38,45,76,9,86,81,31,96,35,27,15,15,17,7,79,74,69,0,0
61,1,3,2,44,57,80,0,31,7,39,55,62,87,73,73,35,88,56,73,82,44,78,79,1,92,0
67,1,1,1,80,9,26,14,59,30,20,59,57,40,45,44,25,50,35,51,80,50,2,13,48,76,1
90,2,4,2,49,97,13,58,80,2,97,39,88,65,33,89,94,8,93,83,20,92,24,43,24,8,1
61,1,1,0,15,36,75,23,25,19,8,86,28,30,18,19,86,26,93,84,43,34,70,21,73,86,1
14,2,1,1,3,81,55,22,96,97,33,99,98,16,27,13,33,74,56,76,96,54,65,97,92,36,0
67,0,3,0,91,66,83,73,51,17,52,62,52,26,30,90,0,5,10,33,83,62,52,84,84,17,0
20,1,3,2,81,28,24,55,76,62,26,59,82,48,64,37,82,51,0,39,80,20,85,14,49,47,0
31,0,0,1,31,3,64,96,70,72,64,79,17,53,46,5,65,8,67,22,42,50,71,24,79,34,1
16,0,0,1,80,68,79,14,41,33,47,82,7,9,4,47,25,85,22,61,12,8,19,91,56,23,0
32,1,3,2,63,29,72,16,99,13,18,70,58,66,96,43,31,10,1,89,67,16,80,91,93,39,0
86,1,3,0,3,37,62,28,18,90,28,99,34,69,22,45,43,47,51,7,54,65,76,39,84,30,1
47,2,3,0,37,90,35,86,54,84,12,36,46,89,70,21,38,86,57,29,17,17,73,38,93,25,0
70,2,4,0,45,17,12,24,7,73,31,16,78,78,47,62,39,83,14,98,5,93,62,7,94,31,1
44,1,1,2,12,23,39,13,91,74,69,61,88,60,0,88,65,31,12,32,31,55,23,90,3,87,1
22,2,0,0,29,89,19,15,66,48,57,43,24,22,58,0,96,14,80,97,80,51,57,40,43,3,1
76,0,0,1,8,86,32,32,83,3,64,33,90,84,87,78,98,63,24,54,8,16,20,59,12,2,0
67,0,2,0,25,74,23,9,12,43,38,18,50,18,75,51,85,46,29,45,75,92,20,74,47,61,0
57,1,4,0,47,62,11,86,33,60,86,52,24,61,3,93,93,12,41,48,77,55,46,7,54,87,1
17,2,3,1,31,23,6,12,90,68,99,89,41,30,73,25,85,75,31,90,96,51,19,39,58,76,0
13,1,3,1,47,92,42,15,34,52,33,2,67,4,9,51,28,95,30,65,75,90,68,36,26,86,1
32,0,4,0,84,87,43,94,87,48,52,73,48,65,94,62,24,3,50,10,16,65,69,72,68,83,0
28,1,0,1,71,94,19,26,7,84,60,27,86,69,2,68,72,6,59,3,4,10,14,63,97,12,1
6,1,3,2,49,29,21,24,27,83,38,66,4,64,14,89,66,39,97,68,94,76,42,0,21,61,1
78,1,2,1,8,0,8,22,44,1,13,37,39,62,81,15,92,74,5,2,13,65,95,94,74,85,0
66,1,0,2,0,43,14,36,26,47,26,11,66,29,95,86,65,6,33,31,38,95,42,42,77,2,1
45,0,1,1,80,2,73,62,39,17,66,61,9,51,72,45,54,45,74,59,96,99,25,26,37,21,1
25,1,4,2,65,98,72,50,17,42,11,2,81,6,96,5,81,44,85,38,50,8,98,22,11,87,1
61,1,0,2,53,80,6,16,49,23,1,98,91,82,32,20,73,52,45,44,8,5,50,34,81,52,1
18,2,1,0,73,16,35,89,94,95,20,17,59,17,0,13,7,65,50,78,59,33,35,61,0,84,1
41,1,2,1,53,46,99,38,29,6,21,49,44,73,71,90,9,13,45,74,5,20,61,96,18,87,0
81,2,4,1,52,23,55,61,33,21,67,56,9,65,7,96,37,61,27,9,44,64,97,66,8,4,0
9,1,3,1,20,20,64,2,68,88,63,48,71,16,72,31,69,20,6,6,26,7,72,27,78,65,1
70,2,3,2,9,32,6,2,13,43,45,60,35,12,15,79,4,88,37,49,37,55,62,47,89,58,0
76,1,1,0,54,0,7,3,84,85,52,57,36,48,66,18,0,28,86,32,51,40,22,4,70,56,1
5,2,0,1,75,3,71,63,36,30,36,44,89,7,39,96,92,4,27,80,86,8,1,62,95,50,1
30,1,2,0,2,50,55,72,9,60,49,46,89,0,93,56,37,61,78,88,69,81,64,61,55,66,1
16,1,1,0,80,88,61,40,11,92,88,99,53,88,92,10,59,67,77,45,37,60,16,65,71,35,1
73,2,2,2,13,79,24,3,28,55,5,0,38,0,62,56,66,64,64,20,29,95,32,47,21,93,1
53,1,2,1,43,88,11,80,78,73,98,51,92,75,64,64,9,17,46,65,48,71,21,85,25,89,0
8,1,2,0,5,13,32,70,23,72,74,86,50,1,14,34,35,91,38,3,63,73,5,56,29,98,0
73,1,4,1,14,16,90,17,18,75,87,68,23,90,47,29,14,46,43,97,26,83,63,40,95,67,0
4,1,1,1,6,21,45,29,15,78,4,66,22,60,73,4,22,78,81,24,7,94,20,1,21,71,0
86,0,4,1,63,93,18,86,81,52,92,86,96,51,46,81,53,43,96,6,91,0,62,97,38,18,0
30,1,0,0,86,82,64,32,58,32,31,58,91,40,11,72,10,96,18,53,56,41,97,70,30,51,0
1,0,0,2,9,7,89,93,74,19,19,8,71,14,97,87,96,62,90,20,4,34,84,67,47,79,1
94,0,3,2,69,96,20,79,38,33,14,5,65,87,55,48,91,0,64,27,99,19,47,71,64,89,0
50,1,3,0,73,75,40,70,63,60,11,80,68,13,33,47,60,80,34,64,58,35,78,18,41,68,1
18,2,3,1,11,82,46,75,35,62,75,81,50,42,33,96,48,17,60,56,92,4,88,23,92,63,1
58,2,0,1,36,96,86,10,23,87,70,20,19,9,88,46,99,46,14,43,61,5,65,75,3,22,0
12,1,2,2,40,89,91,0,11,55,49,19,65,35,78,37,21,60,49,95,58,19,35,96,14,61,0
2,0,2,0,55,30,85,34,70,69,25,0,82,6,35,75,83,86,24,93,58,60,28,94,17,40,1
18,2,1,0,14,53,63,71,14,78,49,21,17,79,1,35,19,15,66,29,54,65,98,25,56,68,1
1,1,0,2,33,97,55,54,19,49,24,83,24,52,13,59,42,61,75,68,62,1,53,15,54,93,1
42,1,3,0,50,41,23,29,36,52,62,10,77,22,79,49,84,54,54,3,96,53,60,77,82,4,1
99,0,0,0,30,93,20,46,29,54,67,68,40,44,73,90,79,29,76,99,84,44,44,78,83,83,1
44,2,2,2,31,5,93,25,36,12,92,68,24,12,87,94,19,71,59,72,20,60,83,78,25,53,0
41,1,2,2,26,93,82,33,37,60,86,52,64,2,66,27,13,51,29,57,53,68,14,37,77,13,0
56,2,4,0,18,31,94,28,40,74,44,12,26,18,25,52,50,36,8,91,95,51,53,2,95,68,1
7,1,4,0,12,42,28,71,50,41,30,62,25,17,81,56,6,47,79,59,32,2,3,99,3,41,1
8,1,1,2,96,19,13,21,51,26,42,2,87,93,7,85,88,9,28,39,64,20,23,72,59,25,1
8,1,0,2,35,35,72,21,0,68,72,36,82,71,95,12,83,99,42,36,93,73,94,24,92,87,1
20,0,4,1,41,1,67,7,95,60,13,76,20,23,49,81,44,63,63,25,31,56,52,32,51,94,1
17,0,4,0,88,94,9,51,33,66,38,7,95,28,21,83,69,60,42,48,28,80,30,52,33,37,1
56,0,0,0,34,69,71,20,60,34,47,14,70,14,5,80,67,21,31,21,26,14,43,85,91,8,1
33,2,2,2,61,44,83,71,57,91,18,15,74,7,32,73,17,34,42,49,2,90,58,27,45,63,1
69,0,1,2,73,78,30,92,80,50,28,14,89,75,24,60,40,68,3,56,30,2,66,89,49,16,0
59,0,1,1,74,23,98,86,31,86,97,18,65,59,65,14,84,34,68,26,87,6,5,32,57,48,1
16,2,1,1,39,45,70,69,67,0,78,94,88,96,51,34,68,4,99,16,52,51,13,28,7,97,1
0,2,4,2,36,92,68,52,95,51,87,82,11,51,0,6,16,97,42,70,16,58,2,28,21,37,0
53,2,2,0,29,22,84,89,46,20,19,22,67,20,20,0,14,16,50,62,13,58,82,49,33,5,1
48,2,1,1,96,76,50,0,12,42,26,70,2,57,88,96,16,44,77,57,55,53,86,87,28,53,1
26,0,0,2,35,80,60,36,66,35,4,45,78,51,48,5,9,95,22,16,83,43,40,14,43,57,1
85,0,1,2,67,62,57,22,43,82,94,43,51,66,27,66,77,17,26,50,59,73,48,14,82,72,1
67,2,3,2,71,0,6,52,30,17,11,47,29,96,6,91,2,62,5,94,14,70,42,93,90,80,0
17,0,2,0,52,25,90,39,87,7,20,92,42,20,2,30,26,26,72,56,96,32,89,91,43,42,1
30,1,3,2,16,14,33,79,3,71,97,88,78,27,72,1,16,57,73,8,30,65,87,61,18,80,1
73,0,2,2,49,64,2,78,51,9,20,36,14,86,77,78,73,8,43,38,4,24,55,89,63,71,1
85,1,0,0,8,9,9,72,61,89,98,90,59,94,18,37,5,14,92,46,44,4,77,52,65,61,0
22,2,4,2,18,87,83,46,90,51,23,16,88,45,63,94,27,49,63,27,85,55,58,4,53,43,1
41,2,4,2,46,75,24,43,14,50,52,33,76,7,76,99,69,95,20,6,89,78,55,48,41,22,1
51,0,2,1,95,36,17,19,45,1,86,93,62,2,45,48,0,21,92,13,91,84,44,95,5,64,0
20,2,1,2,30,33,82,19,86,53,24,14,37,22,51,65,56,56,78,51,34,73,13,90,13,98,0
32,0,3,0,18,23,3,35,76,57,31,8,79,66,19,73,61,57,21,66,74,88,47,7,72,14,0
31,0,0,1,29,12,20,40,18,47,85,62,19,63,36,30,73,17,19,81,10,85,43,81,63,33,0
86,0,1,2,0,37,8,94,70,16,98,51,17,62,32,3,86,74,51,8,63,29,7,4,75,62,1
0,0,4,0,37,41,45,52,25,60,66,53,21,25,82,59,38,35,20,40,47,25,62,76,35,23,0
89,1,1,2,78,5,42,30,27,7,28,20,80,87,57,59,49,99,30,46,33,1,66,93,71,51,0
6,1,3,1,91,14,77,47,13,2,49,92,53,5,48,22,91,77,77,19,76,90,59,98,44,60,0
55,2,4,0,23,28,66,67,65,83,53,52,78,48,31,60,41,0,62,34,50,70,44,76,64,13,1
92,1,2,1,47,9,12,99,72,13,99,9,39,22,98,54,62,70,41,98,65,78,72,46,80,51,0
17,2,0,0,22,11,22,20,63,89,71,93,33,1,68,30,96,67,69,86,18,71,12,64,5,70,1
26,2,0,0,86,47,87,78,98,67,43,16,94,37,9,53,90,5,5,51,14,67,56,55,6,50,1
57,0,4,2,30,65,91,12,17,93,74,12,23,56,28,55,53,4,34,18,54,76,68,43,77,37,0
61,0,2,0,25,4,92,53,85,48,2,91,37,13,46,13,74,72,37,63,43,69,64,24,15,14,1
97,0,3,0,36,80,54,37,62,0,70,89,18,51,29,54,13,12,83,89,26,88,8,40,47,11,0
9,0,0,2,40,82,5,1,14,16,15,27,84,71,9,9,9,72,27,23,18,96,67,55,66,41,0
11,0,4,0,5,52,97,41,65,29,8,90,41,33,39,87,16,28,99,49,75,94,48,72,60,82,1
45,0,0,0,4,53,15,80,90,6,7,71,86,95,81,37,53,75,14,91,49,55,94,8,7,18,1
50,1,2,0,67,30,2,98,82,42,28,9,11,45,29,93,81,87,31,72,46,87,62,25,2,22,1
74,2,3,0,12,28,37,76,89,83,4,19,77,13,7,47,12,23,78,64,85,33,50,2,89,77,1
57,2,2,2,41,20,9,56,24,55,37,85,60,46,53,45,67,3,93,65,92,42,61,99,84,84,0
84,0,1,2,89,1,8,56,44,17,47,41,40,74,88,89,57,99,41,34,37,66,40,98,49,85,1
71,1,2,1,18,16,64,92,76,55,92,40,41,5,68,97,74,72,39,40,8,7,43,57,66,12,1
18,0,2,0,79,99,81,77,29,65,76,90,58,52,51,80,30,14,19,4,6,17,55,74,95,90,1
89,1,0,2,1,83,67,76,23,47,44,92,57,35,1,17,48,7,57,14,16,22,65,69,92,26,1
36,1,2,0,17,63,73,43,16,58,12,51,59,41,90,63,65,33,94,86,70,63,32,11,75,18,0
8,2,4,2,38,40,9,11,78,94,14,27,3,35,64,97,46,80,38,37,43,50,96,84,25,35,0
68,2,0,1,5,36,1,68,89,40,50,46,12,75,68,65,58,67,58,90,9,12,1,89,14,45,1
56,1,0,0,78,76,7,20,84,21,96,44,90,39,21,29,61,72,44,34,81,41,4,26,69,61,1
31,2,1,1,77,14,25,52,43,31,27,38,31,76,78,17,69,10,31,19,96,39,7,34,68,98,0
77,1,4,1,17,97,11,15,3,88,33,91,45,74,76,30,24,73,23,64,24,27,35,81,5,65,0
66,1,2,1,82,69,77,66,47,64,43,93,62,45,18,63,82,72,70,49,62,40,6,8,3,88,0
48,1,1,2,20,14,66,65,55,67,31,65,28,65,33,26,59,38,43,81,35,18,90,44,83,20,0
22,2,4,0,26,97,71,18,40,25,27,63,67,94,79,50,73,47,9,72,38,99,99,18,63,18,1
75,0,1,2,99,88,91,41,38,29,4,80,17,20,85,49,5,49,79,65,0,56,29,57,51,36,1
47,2,3,2,45,66,1,55,16,91,81,96,78,21,26,54,31,59,82,27,27,73,83,24,84,77,0
85,0,2,0,16,81,6,55,63,19,37,74,57,15,50,26,50,74,15,86,59,75,39,66,1,47,0
51,2,1,0,83,81,77,81,1,64,19,33,40,40,74,90,22,37,43,66,61,11,29,94,86,64,1
40,2,3,0,98,3,92,9,50,92,37,0,7,80,82,62,32,14,30,20,2,65,34,40,58,15,1
55,0,2,0,84,11,91,11,32,83,48,20,59,51,53,38,48,63,99,85,25,70,6,71,61,89,0
87,1,1,2,46,7,53,8,2,53,20,94,47,46,87,67,83,62,15,73,89,92,4,10,28,78,1
69,0,1,0,33,59,61,1,79,18,97,48,77,87,27,47,95,36,73,48,47,72,87,99,28,59,0
28,1,1,0,26,94,6,48,53,67,77,41,73,58,43,97,25,22,72,7,52,13,70,6,8,2,1
77,1,1,0,45,89,57,27,13,8,25,1,74,80,33,18,38,81,12,4,49,22,87,28,71,25,1
78,2,0,1,61,46,77,97,58,30,69,48,4,30,36,78,14,51,68,91,96,10,42,69,22,39,0
62,2,1,0,85,72,46,29,15,58,46,29,8,64,58,63,7,51,17,90,81,95,57,48,31,47,1
44,2,0,0,84,45,95,30,36,15,45,45,77,87,88,60,45,50,61,34,80,41,44,67,74,46,0
78,2,0,2,42,33,22,60,94,36,12,96,70,95,6,41,37,51,43,63,12,87,27,95,81,97,1
97,2,3,1,94,49,59,0,50,15,38,14,32,86,52,97,16,88,5,30,68,39,29,68,75,6,0
12,0,2,2,11,64,26,49,76,16,71,31,83,50,16,33,34,98,23,53,17,49,45,47,32,86,0
88,0,0,1,58,9,94,24,83,56,65,14,27,12,13,65,33,98,24,53,78,11,8,30,77,92,0
52,0,4,2,71,47,66,65,15,82,93,15,30,57,27,3,9,50,17,46,31,29,35,8,35,28,1
15,0,0,2,65,58,98,27,54,99,30,32,86,59,40,80,45,48,64,41,22,26,88,31,82,87,0
2,2,4,0,78,16,31,6,82,70,68,57,39,84,47,50,56,70,36,86,74,73,84,54,40,96,0
19,0,3,0,33,61,99,90,18,42,68,62,92,9,12,92,4,57,58,75,58,76,85,14,76,0,1
37,0,4,1,10,57,39,85,98,59,43,5,27,30,7,4,53,16,37,8,73,83,77,13,25,92,1
61,1,3,1,35,97,79,32,2,86,10,57,63,17,46,43,92,58,49,68,87,28,92,89,66,1,0
24,2,3,1,82,64,61,90,53,44,48,98,68,37,3,16,52,84,52,30,21,10,33,14,9,95,0
52,0,3,0,27,30,69,13,86,15,24,38,65,37,40,97,39,63,88,99,15,81,76,58,90,97,1
10,0,4,2,68,17,77,12,31,70,71,49,70,79,30,50,26,59,32,52,92,71,32,40,18,84,1
40,0,4,1,22,74,32,19,24,89,51,11,31,32,73,67,14,50,5,90,68,68,81,91,34,85,1
33,2,3,0,25,85,96,60,77,94,73,87,84,47,71,95,30,33,86,88,6,82,6,46,7,77,0
0,0,3,0,91,37,50,14,99,66,63,67,4,89,88,9,7,11,63,58,66,90,49,22,39,96,1
77,1,2,2,75,98,17,20,0,37,40,41,8,22,77,10,70,30,87,25,29,33,45,68,4,60,0
82,2,3,2,60,22,45,29,66,91,32,2,68,82,41,61,57,56,0,72,59,68,58,45,33,96,0
24,1,1,0,53,72,66,14,3,37,19,22,36,61,7,36,44,96,32,6,21,4,14,20,88,16,0
55,2,2,2,59,82,6,39,44,58,87,74,54,63,64,53,95,39,52,43,62,1,78,20,87,49,1
80,0,2,2,19,82,17,83,29,64,23,87,46,82,93,89,43,28,76,67,16,96,4,91,87,80,1
49,2,2,0,10,11,12,63,7,64,8,91,1,77,12,1,67,75,47,73,2,67,5,86,4,2,1
9,2,1,1,20,42,27,20,35,23,53,37,16,21,82,44,73,60,10,60,37,65,32,42,30,34,0
36,2,2,1,35,39,89,88,80,14,36,3,21,80,21,80,77,77,16,71,97,89,93,85,79,93,0
79,1,2,0,98,5,67,81,5,25,90,40,74,37,79,82,42,52,14,89,55,55,30,82,56,50,1
23,2,4,1,3,9,62,72,82,14,97,62,18,62,55,20,33,16,17,80,65,50,64,42,56,9,1
36,0,4,0,75,35,30,54,37,72,89,14,15,76,88,93,52,55,6,56,54,51,3,42,39,29,0
9,2,3,0,34,87,38,35,19,48,95,58,48,89,25,35,42,98,42,98,75,32,99,77,96,44,0
44,2,3,2,16,11,21,22,89,77,11,67,50,12,56,54,81,27,43,18,45,2,82,19,24,74,0
55,0,0,1,34,77,58,38,56,82,66,33,40,21,26,20,40,30,26,36,65,53,8,82,41,35,0
9,0,1,0,38,6,3,14,75,47,5,72,34,71,70,67,57,76,18,61,70,9,24,43,98,57,1
24,1,4,1,75,69,9,65,24,70,86,10,35,48,47,86,6,90,76,50,16,31,25,21,12,11,0
70,0,3,1,63,42,57,40,80,67,38,0,40,44,87,97,97,87,78,80,12,70,8,62,98,22,0
53,0,1,1,25,0,13,95,73,64,68,66,48,49,57,52,90,56,85,17,15,1,12,44,79,71,1
42,0,2,0,96,30,75,8,72,47,17,93,95,86,10,61,83,18,99,89,73,23,12,45,52,97,1
28,2,1,2,16,47,76,23,53,94,90,84,0,78,66,5,77,54,37,32,7,89,78,77,19,54,1
47,1,4,1,99,87,9,51,49,33,35,60,99,15,78,17,70,46,85,31,42,82,39,64,34,68,1
49,0,0,0,57,82,62,72,48,35,53,46,31,98,94,52,31,61,36,95,37,29,57,31,65,50,0
10,0,4,1,72,48,18,54,39,6,4,41,87,47,6,10,72,48,29,40,2,85,39,50,83,31,0
47,0,3,2,88,34,23,39,76,51,38,67,60,75,80,64,61,80,1,5,74,42,81,39,88,38,0
27,2,3,1,11,40,28,22,84,79,50,44,89,21,9,6,72,88,14,76,45,89,84,86,60,91,0
60,2,1,0,87,76,65,53,38,75,38,77,29,47,82,30,24,67,50,12,99,62,41,53,66,79,0
89,1,4,1,14,31,48,20,64,69,26,22,46,94,11,84,65,4,8,19,81,62,85,71,97,72,1
70,1,3,1,15,84,4,28,46,21,77,56,82,34,87,59,69,59,57,2,33,44,49,1,14,36,1
14,2,2,1,63,80,97,95,51,22,98,36,40,56,96,24,36,39,84,45,59,97,18,90,8,68,0
4,0,2,2,29,99,47,15,70,17,55,20,30,0,2,94,24,7,64,61,6,6,7,18,16,10,1
48,0,0,1,51,65,67,91,96,74,66,39,4,84,21,36,10,43,85,52,76,60,66,12,91,10,0
10,1,1,0,16,47,13,62,63,96,74,76,64,33,8,76,36,29,40,44,46,6,13,47,5,33,0
79,0,3,1,69,7,23,66,3,95,0,33,8,62,75,9,9,49,43,47,86,5,87,23,84,94,0
57,2,0,1,97,81,11,34,70,88,5,64,79,59,67,28,37,91,21,7,62,95,96,12,26,17,0
17,1,2,1,13,10,85,99,16,50,95,13,56,92,5,56,3,10,73,91,10,98,78,7,83,58,0
20,2,0,2,29,98,96,83,56,79,72,94,16,58,30,63,47,22,69,29,54,6,74,97,11,59,1
51,2,0,0,71,79,61,28,34,59,28,30,76,75,60,1,32,71,61,58,39,48,31,37,91,78,1
86,0,3,1,53,75,12,38,22,91,13,16,23,57,62,33,50,85,9,71,20,36,6,89,12,79,0
29,2,3,0,15,72,21,63,43,39,36,77,15,42,83,62,14,43,89,8,64,98,43,19,69,73,0
32,2,3,0,82,30,65,17,27,67,64,79,44,57,46,65,51,35,0,38,86,89,74,0,74,87,1
73,0,1,2,22,42,21,59,99,26,55,1,38,50,18,61,70,75,66,62,4,71,77,60,99,70,0
6,2,0,0,71,75,73,13,72,93,68,64,64,56,61,19,74,25,43,66,69,61,44,10,71,92,0
73,0,0,1,80,31,74,97,87,4,62,28,47,97,15,24,71,28,51,45,24,22,33,66,93,33,0
31,2,1,2,56,38,6,68,7,95,17,81,48,15,20,9,3,43,7,54,18,63,39,50,8,29,1
55,0,2,2,14,67,69,60,79,89,22,76,46,16,56,53,90,51,21,82,38,98,12,77,94,65,0
51,0,4,0,62,70,27,88,45,27,1,16,58,51,3,76,81,2,36,96,23,71,34,1,32,75,0
85,1,2,2,61,42,68,58,8,76,59,62,51,22,29,42,67,20,42,72,6,15,22,57,86,30,1
68,2,1,0,27,17,87,76,96,9,6,36,95,44,85,15,87,13,10,82,86,33,59,12,38,43,0
27,2,0,0,27,67,91,59,11,15,52,53,48,35,61,83,25,55,89,21,72,68,80,48,97,1,0
52,1,0,2,19,93,29,74,94,66,58,65,2,55,78,16,51,6,4,97,96,53,60,15,66,58,1
46,0,3,1,84,40,71,21,53,4,16,77,40,91,94,80,34,39,21,47,52,92,9,17,98,79,1
48,0,3,0,54,59,86,71,80,20,25,27,38,32,39,82,28,19,19,73,11,96,24,24,3,3,0
8,1,0,2,89,91,70,31,75,98,51,31,8,77,12,55,43,96,95,82,29,15,11,73,65,17,1
12,1,0,2,59,59,92,85,99,0,42,54,39,63,33,33,47,32,67,29,83,89,78,70,70,28,0
22,0,3,0,96,52,16,63,83,60,56,76,87,36,6,7,86,77,67,20,60,73,85,93,93,79,0
74,0,3,0,57,13,77,65,53,76,66,29,17,53,99,20,52,82,15,27,3,54,14,63,64,15,1
19,1,2,0,68,68,57,38,76,35,93,67,86,20,62,84,5,23,52,94,82,75,77,49,11,55,0
14,2,0,0,40,68,68,5,86,66,32,42,20,83,64,16,92,7,63,89,27,97,89,12,12,37,1
24,0,0,1,20,53,62,29,74,67,96,75,72,31,74,23,6,71,96,88,0,2,27,42,96,45,1
0,1,1,1,73,75,73,53,97,23,27,21,15,12,99,99,61,42,86,77,31,66,90,82,85,56,1
64,2,2,1,18,35,69,14,99,96,23,26,48,74,22,32,40,55,28,30,64,97,17,81,5,51,0
39,2,4,1,67,31,9,68,8,68,60,10,98,90,67,73,96,7,48,23,32,18,1,54,10,98,1
16,2,4,2,85,34,84,88,65,0,6,19,42,5,54,99,20,50,45,34,99,7,67,15,66,70,0
63,2,4,0,0,6,87,68,84,91,17,87,31,44,32,73,72,48,32,96,70,67,27,86,52,95,1
43,1,3,2,13,35,33,87,17,15,36,40,24,7,87,83,93,83,17,67,47,99,69,66,17,17,1
55,0,4,2,25,84,60,87,14,90,31,11,4,63,70,85,26,78,44,34,25,22,12,89,2,28,0
65,2,1,1,35,5,10,37,33,80,66,45,97,85,28,59,53,92,68,73,73,8,84,76,9,74,0
67,2,3,2,33,34,32,71,31,54,96,7,45,13,97,7,70,76,53,20,95,74,13,74,1,97,1
60,1,3,1,47,90,7,55,16,68,11,37,17,25,94,36,69,40,78,41,89,75,40,46,13,0,0
16,2,4,0,52,30,61,7,29,76,79,65,44,17,98,44,18,76,67,82,49,24,37,94,35,67,0
55,1,3,1,57,79,58,47,4,86,35,95,87,24,44,91,18,6,57,80,65,79,38,17,0,62,1
2,1,2,0,21,56,88,2,29,87,44,35,86,71,63,53,67,49,30,28,58,35,76,72,84,66,1
88,0,2,1,10,10,25,52,13,63,79,9,30,94,35,9,25,19,43,61,72,78,8,70,89,23,0
11,2,4,2,85,15,28,31,82,34,42,95,52,19,83,7,98,41,76,69,15,68,52,44,50,97,1
5,0,1,2,13,38,62,4,89,80,51,15,98,37,52,86,76,96,92,52,45,97,97,90,14,58,1
49,1,3,1,99,46,4,61,83,83,4,9,79,62,24,43,24,29,13,85,42,27,93,18,41,19,1
98,2,0,0,53,97,23,69,16,27,49,94,99,54,72,9,20,57,33,94,92,42,10,32,57,45,0
60,1,4,0,61,63,86,72,55,0,20,21,53,3,64,50,73,62,14,35,28,51,45,68,28,46,0
90,1,3,1,99,88,40,64,68,19,68,35,92,97,57,47,81,1,79,28,96,15,34,61,80,3,0
67,1,4,2,77,23,74,24,27,6,35,9,35,94,82,17,5,91,6,11,40,62,97,24,80,52,1
32,2,4,0,61,65,8,66,15,88,87,92,54,39,25,37,34,86,67,58,13,46,70,71,41,50,0
18,1,1,1,41,37,12,43,23,95,29,69,37,96,22,73,56,78,22,35,56,0,71,2,13,80,1
33,1,0,0,28,98,81,47,93,78,78,15,56,96,9,18,66,35,3,74,32,27,95,79,8,74,1
5,2,3,2,21,47,20,32,80,55,28,52,39,73,17,46,12,26,61,73,95,44,2,21,26,54,1
66,0,4,0,45,73,32,57,6,14,25,10,37,26,6,0,73,20,78,29,93,7,87,82,2,54,1
14,1,4,1,49,17,82,49,29,76,38,11,97,58,75,43,87,3,35,47,13,80,48,66,86,76,0
8,0,3,0,15,15,27,50,55,79,56,51,45,77,37,83,47,40,97,58,92,66,73,83,65,26,1
31,0,4,0,16,57,96,5,38,17,72,71,88,94,41,3,19,27,39,64,43,22,56,46,12,15,1
89,0,4,2,80,15,36,51,9,37,43,94,73,53,97,50,51,69,91,91,58,12,40,11,49,56,0
49,0,4,2,7,62,8,59,62,71,2,72,12,8,94,88,51,61,7,94,44,52,62,94,80,56,1
53,0,2,2,93,9,92,17,11,48,22,61,10,72,55,87,88,54,24,8,11,10,37,27,7,73,0
88,0,2,2,8,59,71,66,52,81,98,16,99,52,27,62,14,18,85,69,46,70,47,72,19,36,0
74,2,0,1,35,4,63,6,69,21,73,45,39,60,45,83,27,86,34,0,28,8,8,21,62,65,0
79,2,1,0,12,96,18,78,32,73,64,59,11,42,92,16,67,28,54,6,43,76,4,59,5,97,1
6,0,3,0,91,45,9,3,66,24,86,90,77,60,37,31,22,36,2,98,12,33,87,64,75,7,0
82,2,1,0,90,17,41,40,69,32,88,76,53,86,35,96,84,97,55,99,16,9,86,43,1,98,1
13,2,1,0,79,88,0,1,26,1,93,50,9,18,79,12,47,55,71,55,49,94,44,88,58,38,0
20,0,2,1,92,69,81,48,43,34,90,4,70,73,73,50,56,57,91,35,9,49,98,98,36,19,0
12,0,0,2,55,44,59,67,56,53,36,82,36,13,94,91,99,43,82,41,0,22,63,27,3,40,0
59,1,1,0,48,46,38,88,81,5,82,52,75,24,98,64,4,64,7,38,42,81,72,4,3,92,0
0,2,1,0,64,2,21,71,55,17,24,47,83,30,29,79,65,80,9,70,58,50,8,53,61,80,1
8,0,4,2,74,7,24,65,9,23,79,82,58,30,10,5,69,31,38,47,12,58,66,55,40,55,1
34,2,3,2,33,75,87,69,10,26,47,23,17,26,53,54,20,58,33,96,57,47,53,17,2,23,0
0,2,0,0,42,7,68,51,72,46,84,27,45,3,87,7,60,16,33,19,79,73,33,42,9,93,0
29,2,3,2,70,46,83,80,2,45,35,25,9,33,77,7,54,90,9,56,78,85,44,49,63,94,0
1,1,2,0,13,73,93,99,14,13,30,28,26,84,8,19,98,57,78,87,48,56,15,99,74,7,1
66,0,1,0,88,59,35,10,50,79,54,53,16,61,41,23,16,47,83,85,69,6,13,10,11,4,0
4,2,1,0,57,78,89,96,29,23,86,72,2,99,47,70,21,13,47,28,49,79,97,9,70,88,0
26,0,3,0,8,70,79,25,98,80,86,7,1,94,56,51,57,95,92,2,7,58,1,94,61,48,1
19,2,2,0,21,5,61,97,30,61,11,11,62,15,24,21,90,87,75,17,44,79,67,11,48,32,0
85,0,4,0,96,26,82,77,24,33,87,59,53,86,4,35,53,87,35,68,38,69,99,3,73,64,0
84,0,4,2,30,90,80,86,76,46,26,50,19,12,62,43,23,2,9,64,48,57,76,77,96,1,0
65,0,1,1,82,36,72,23,76,43,93,82,40,73,50,41,77,39,47,83,3,59,38,4,95,5,0
13,2,1,1,61,26,53,89,11,7,73,15,51,25,7,44,92,83,80,18,16,64,28,13,16,12,1
92,1,0,0,32,28,36,82,45,23,13,4,52,87,97,94,29,59,72,90,27,25,17,35,7,17,1
83,0,3,2,48,47,81,70,64,91,32,49,3,83,35,94,27,2,5,44,22,6,60,99,64,5,1
23,1,1,0,99,87,44,62,28,95,24,9,34,54,24,90,44,95,11,3,89,66,16,72,92,64,0
81,0,2,2,97,27,98,15,20,76,98,41,53,31,37,69,37,53,59,76,76,46,11,52,32,27,0
2,1,3,0,39,65,67,91,91,88,89,46,1,41,33,93,20,43,86,96,1,90,58,85,97,15,1
19,0,0,0,22,41,36,71,5,36,21,5,31,16,37,16,36,22,48,60,48,60,76,31,85,62,0
6,1,4,1,60,13,15,2,8,46,84,93,93,41,41,95,22,2,0,66,70,2,99,48,66,54,0
3,0,0,2,63,30,62,65,30,46,21,73,93,96,82,45,88,57,60,45,0,95,24,60,80,13,1
44,0,3,2,31,95,57,55,5,88,66,81,49,37,2,4,23,53,33,38,87,99,91,47,48,33,1
79,1,4,1,69,91,33,50,92,67,13,68,88,7,14,82,58,10,19,54,35,81,13,57,37,88,0
79,0,2,1,0,84,59,24,90,9,49,11,91,31,32,71,25,41,49,60,40,56,1,98,97,69,1
30,2,4,1,27,78,18,75,47,1,10,43,58,58,37,24,20,41,35,8,11,9,58,4,32,68,0
79,0,4,1,92,5,52,81,31,41,46,30,61,55,10,25,91,26,82,56,26,58,61,19,2,15,1
43,0,2,2,39,64,28,29,31,9,90,50,7,50,35,54,34,35,55,35,88,83,60,61,80,86,1
24,2,1,2,94,69,98,51,55,62,67,19,53,0,89,97,9,22,50,23,12,28,57,90,94,42,0
9,2,1,1,96,13,98,33,16,20,95,66,57,78,7,95,37,25,63,29,8,31,10,85,33,17,0
18,2,4,0,81,11,3,42,26,50,4,5,76,86,55,88,67,95,43,14,89,41,10,72,10,65,1
26,1,4,0,20,20,71,0,57,12,72,91,5,86,99,57,16,72,11,85,51,75,69,72,51,36,0
2,2,0,0,46,40,63,41,42,8,13,90,95,3,1,96,84,0,74,64,45,58,74,6,65,14,0
71,1,1,0,41,50,34,40,84,56,37,71,95,7,73,62,86,3,47,51,37,93,86,4,84,69,0
80,2,2,2,76,16,77,97,89,82,25,2,1,91,1,21,70,3,37,83,69,72,51,30,25,35,1
25,1,4,2,17,14,56,96,4,36,85,85,21,51,14,16,50,44,62,27,58,85,20,41,80,68,0
81,2,4,2,88,39,39,42,72,82,50,72,22,94,31,30,16,57,85,34,29,63,52,50,36,89,0
5,2,0,0,24,12,62,65,4,74,10,87,77,93,43,98,84,68,1,39,36,48,97,74,35,74,1
72,0,0,1,36,95,59,11,31,80,3,32,42,8,97,50,93,19,38,22,40,43,34,22,57,47,1
86,2,0,0,38,27,63,61,82,61,93,84,87,84,25,50,49,35,25,32,99,67,72,7,65,92,1
22,0,3,2,99,20,21,8,33,58,25,0,99,4,40,62,21,67,47,65,15,79,52,85,64,78,1
63,2,2,0,61,81,80,70,44,51,73,64,1,48,21,95,28,34,80,75,23,93,29,83,41,70,0
49,2,3,1,11,48,94,81,45,42,1,96,74,97,79,53,34,51,32,84,83,71,50,25,96,61,0
60,0,4,1,94,96,10,52,40,4,65,12,62,81,89,24,43,13,68,58,55,51,65,67,11,74,1
67,0,0,0,90,5,14,41,30,85,52,5,32,28,20,53,55,93,20,99,54,57,63,85,45,83,1
21,1,0,2,30,76,17,21,55,16,37,24,31,14,12,57,89,49,10,12,96,49,37,0,38,26,0
35,0,0,2,30,5,88,51,81,21,30,99,72,45,66,96,90,42,0,43,56,8,4,78,8,44,0
91,1,1,2,41,21,59,85,36,38,83,73,73,89,88,52,27,76,14,59,59,5,51,11,18,95,1
74,2,2,0,14,63,99,68,14,42,73,16,97,23,73,29,66,50,59,2,4,27,77,10,71,71,0
75,0,3,2,45,27,6,70,93,81,87,5,57,67,54,66,48,50,58,5,89,50,37,10,51,92,0
19,0,2,0,90,13,99,58,11,22,84,71,38,8,87,94,24,16,41,28,59,66,84,56,71,13,1
38,2,0,2,74,19,45,44,3,83,94,19,10,64,17,38,43,96,99,17,46,30,98,38,37,78,1
46,2,4,1,64,12,54,87,84,42,3,70,59,11,58,76,53,43,15,5,13,57,30,99,40,34,1
9,2,1,1,54,70,17,82,78,85,38,41,53,29,19,95,41,88,86,4,49,40,93,38,56,90,1
56,2,2,2,78,50,7,55,72,10,21,97,98,76,10,59,95,14,37,0,45,87,42,21,2,13,0
1,0,4,0,96,45,41,5,40,24,97,10,40,70,56,45,85,47,62,38,9,84,69,64,97,58,1
